Project,Sampler,SampleType,StainType,StainDate,DateCounted,Who,SlideID,Sample,SlideRep,SporesCounted,FOV,LIVECounts,DEADCounts,TotalCells,TotalSpores,Clumps.4ormorecells.,CellsPerClump,Mycelia,Notes
Konza4,Bu,Smoke,S9PI,20240717,9/17/2024,Lampman,13A_A,13A,A,FALSE,1,1,0,1,,0,,,
Konza4,Bu,Smoke,S9PI,20240717,9/17/2024,Lampman,13A_A,13A,A,FALSE,2,2,0,2,,0,,,
Konza4,Bu,Smoke,S9PI,20240717,9/17/2024,Lampman,13A_A,13A,A,FALSE,3,0,0,0,,0,,,
Konza4,Bu,Smoke,S9PI,20240717,9/17/2024,Lampman,13A_A,13A,A,FALSE,4,2,1,3,,0,,,
Konza4,Bu,Smoke,S9PI,20240717,9/17/2024,Lampman,13A_A,13A,A,FALSE,5,5,0,5,,0,,,
Konza4,Bu,Smoke,S9PI,20240717,9/17/2024,Lampman,13A_A,13A,A,FALSE,6,1,2,3,,0,,,
Konza4,Bu,Smoke,S9PI,20240717,9/17/2024,Lampman,13A_A,13A,A,FALSE,7,3,1,4,,0,,,
Konza4,Bu,Smoke,S9PI,20240717,9/17/2024,Lampman,13A_A,13A,A,FALSE,8,3,0,3,,0,,,
Konza4,Bu,Smoke,S9PI,20240717,9/17/2024,Lampman,13A_A,13A,A,FALSE,9,5,0,5,,0,,,
Konza4,Bu,Smoke,S9PI,20240717,9/17/2024,Lampman,13A_A,13A,A,FALSE,10,0,2,2,,0,,,
Konza4,Bu,Smoke,S9PI,20240717,9/17/2024,Lampman,13A_A,13A,A,FALSE,11,2,2,4,,0,,,
Konza4,Bu,Smoke,S9PI,20240717,9/17/2024,Lampman,13A_A,13A,A,FALSE,12,2,1,3,,0,,,
Konza4,Bu,Smoke,S9PI,20240717,9/17/2024,Lampman,13A_A,13A,A,FALSE,13,3,3,6,,0,,,
Konza4,Bu,Smoke,S9PI,20240717,9/17/2024,Lampman,13A_A,13A,A,FALSE,14,2,1,3,,0,,,
Konza4,Bu,Smoke,S9PI,20240717,9/17/2024,Lampman,13A_A,13A,A,FALSE,15,1,1,2,,0,,,
Konza4,Bu,Smoke,S9PI,20240717,9/17/2024,Lampman,13A_A,13A,A,FALSE,16,3,2,5,,0,,,
Konza4,Bu,Smoke,S9PI,20240717,9/17/2024,Lampman,13A_A,13A,A,FALSE,17,4,1,5,,0,,,
Konza4,Bu,Smoke,S9PI,20240717,9/17/2024,Lampman,13A_A,13A,A,FALSE,18,1,1,2,,0,,,
Konza4,Bu,Smoke,S9PI,20240717,9/17/2024,Lampman,13A_A,13A,A,FALSE,19,4,1,5,,0,,,
Konza4,Bu,Smoke,S9PI,20240717,9/17/2024,Lampman,13A_A,13A,A,FALSE,20,7,1,8,,0,,,
Konza4,Bu,Smoke,S9PI,20240717,9/17/2024,Lampman,13A_A,13A,A,FALSE,21,7,0,7,,0,,,
Konza4,Bu,Smoke,S9PI,20240717,9/17/2024,Lampman,13A_A,13A,A,FALSE,22,5,1,6,,0,,,
Konza4,Bu,Smoke,S9PI,20240717,9/17/2024,Lampman,13A_A,13A,A,FALSE,23,5,1,6,,0,,,
Konza4,Bu,Smoke,S9PI,20240717,9/17/2024,Lampman,13A_A,13A,A,FALSE,24,7,0,7,,0,,,
Konza4,Bu,Smoke,S9PI,20240717,9/17/2024,Lampman,13A_A,13A,A,FALSE,25,3,1,4,,0,,,
Konza4,Bu,Smoke,S9PI,20240717,9/17/2024,Lampman,13A_A,13A,A,FALSE,26,4,2,6,,0,,,
Konza4,Bu,Smoke,S9PI,20240717,9/17/2024,Lampman,13A_A,13A,A,FALSE,27,2,1,3,,0,,,
Konza4,Bu,Smoke,S9PI,20240717,9/17/2024,Lampman,13A_A,13A,A,FALSE,28,2,2,4,,0,,,
Konza4,Bu,Smoke,S9PI,20240717,9/17/2024,Lampman,13A_A,13A,A,FALSE,29,2,1,3,,0,,,
Konza4,Bu,Smoke,S9PI,20240717,9/17/2024,Lampman,13A_A,13A,A,FALSE,30,2,0,2,,0,,,
Konza4,Bu,Smoke,S9PI,20240717,9/17/2024,Lampman,13A_A,13A,A,FALSE,31,0,3,3,,0,,,
Konza4,Bu,Smoke,S9PI,20240717,9/17/2024,Lampman,13A_A,13A,A,FALSE,32,1,0,1,,0,,,
Konza4,Bu,Smoke,S9PI,20240717,9/17/2024,Lampman,13A_A,13A,A,FALSE,33,2,0,2,,0,,,
Konza4,Bu,Smoke,S9PI,20240717,9/17/2024,Lampman,13A_A,13A,A,FALSE,34,8,1,9,,0,,,
Konza4,Bu,Smoke,S9PI,20240717,9/17/2024,Lampman,13A_A,13A,A,FALSE,35,1,4,5,,0,,,
Konza4,Bu,Smoke,S9PI,20240717,9/17/2024,Lampman,13A_A,13A,A,FALSE,36,4,2,6,,0,,,
Konza4,Bu,Smoke,S9PI,20240717,9/17/2024,Lampman,13A_A,13A,A,FALSE,37,1,0,1,,0,,,
Konza4,Bu,Smoke,S9PI,20240717,9/17/2024,Lampman,13A_A,13A,A,FALSE,38,3,2,5,,0,,,
Konza4,Bu,Smoke,S9PI,20240717,9/17/2024,Lampman,13A_A,13A,A,FALSE,39,1,0,1,,0,,,
Konza4,Bu,Smoke,S9PI,20240717,9/17/2024,Lampman,13A_A,13A,A,FALSE,40,3,2,5,,0,,,
Konza4,Bu,Smoke,S9PI,20240717,9/13/2024,Lampman,12A_A,12A,A,FALSE,1,0,1,1,,0,,,
Konza4,Bu,Smoke,S9PI,20240717,9/13/2024,Lampman,12A_A,12A,A,FALSE,2,1,0,1,,0,,,
Konza4,Bu,Smoke,S9PI,20240717,9/13/2024,Lampman,12A_A,12A,A,FALSE,3,1,1,2,,0,,,
Konza4,Bu,Smoke,S9PI,20240717,9/13/2024,Lampman,12A_A,12A,A,FALSE,4,0,4,4,,0,,,
Konza4,Bu,Smoke,S9PI,20240717,9/13/2024,Lampman,12A_A,12A,A,FALSE,5,4,0,4,,0,,,
Konza4,Bu,Smoke,S9PI,20240717,9/13/2024,Lampman,12A_A,12A,A,FALSE,6,0,5,5,,1,5,,
Konza4,Bu,Smoke,S9PI,20240717,9/13/2024,Lampman,12A_A,12A,A,FALSE,7,0,4,4,,0,,,
Konza4,Bu,Smoke,S9PI,20240717,9/13/2024,Lampman,12A_A,12A,A,FALSE,8,0,1,1,,0,,,
Konza4,Bu,Smoke,S9PI,20240717,9/13/2024,Lampman,12A_A,12A,A,FALSE,9,0,7,7,,0,,,
Konza4,Bu,Smoke,S9PI,20240717,9/13/2024,Lampman,12A_A,12A,A,FALSE,10,0,7,7,,0,,,
Konza4,Bu,Smoke,S9PI,20240717,9/13/2024,Lampman,12A_A,12A,A,FALSE,11,1,0,1,,0,,,
Konza4,Bu,Smoke,S9PI,20240717,9/13/2024,Lampman,12A_A,12A,A,FALSE,12,0,3,3,,0,,,
Konza4,Bu,Smoke,S9PI,20240717,9/13/2024,Lampman,12A_A,12A,A,FALSE,13,0,6,6,,0,,,
Konza4,Bu,Smoke,S9PI,20240717,9/13/2024,Lampman,12A_A,12A,A,FALSE,14,2,2,4,,0,,,
Konza4,Bu,Smoke,S9PI,20240717,9/13/2024,Lampman,12A_A,12A,A,FALSE,15,2,2,4,,0,,,
Konza4,Bu,Smoke,S9PI,20240717,9/13/2024,Lampman,12A_A,12A,A,FALSE,16,0,1,1,,0,,,
Konza4,Bu,Smoke,S9PI,20240717,9/14/2024,Lampman,12A_A,12A,A,FALSE,17,1,4,5,,0,,,
Konza4,Bu,Smoke,S9PI,20240717,9/14/2024,Lampman,12A_A,12A,A,FALSE,18,2,7,9,,0,,,
Konza4,Bu,Smoke,S9PI,20240717,9/14/2024,Lampman,12A_A,12A,A,FALSE,19,2,5,7,,0,,,
Konza4,Bu,Smoke,S9PI,20240717,9/14/2024,Lampman,12A_A,12A,A,FALSE,20,1,0,1,,0,,,
Konza4,Bu,Smoke,S9PI,20240717,9/14/2024,Lampman,12A_A,12A,A,FALSE,21,1,1,2,,0,,,
Konza4,Bu,Smoke,S9PI,20240717,9/14/2024,Lampman,12A_A,12A,A,FALSE,22,1,6,7,,1,5,,
Konza4,Bu,Smoke,S9PI,20240717,9/14/2024,Lampman,12A_A,12A,A,FALSE,23,3,4,7,,0,,,
Konza4,Bu,Smoke,S9PI,20240717,9/14/2024,Lampman,12A_A,12A,A,FALSE,24,0,3,3,,0,,,
Konza4,Bu,Smoke,S9PI,20240717,9/14/2024,Lampman,12A_A,12A,A,FALSE,25,0,3,3,,0,,,
Konza4,Bu,Smoke,S9PI,20240717,9/14/2024,Lampman,12A_A,12A,A,FALSE,26,0,2,2,,0,,,
Konza4,Bu,Smoke,S9PI,20240717,9/14/2024,Lampman,12A_A,12A,A,FALSE,27,1,1,2,,0,,,
Konza4,Bu,Smoke,S9PI,20240717,9/14/2024,Lampman,12A_A,12A,A,FALSE,28,3,0,3,,0,,,
Konza4,Bu,Smoke,S9PI,20240717,9/14/2024,Lampman,12A_A,12A,A,FALSE,29,0,1,1,,0,,,
Konza4,Bu,Smoke,S9PI,20240717,9/14/2024,Lampman,12A_A,12A,A,FALSE,30,3,2,5,,0,,,
Konza4,Bu,Smoke,S9PI,20240717,9/14/2024,Lampman,12A_A,12A,A,FALSE,31,1,4,5,,0,,,
Konza4,Bu,Smoke,S9PI,20240717,9/14/2024,Lampman,12A_A,12A,A,FALSE,32,1,0,1,,0,,,
Konza4,Bu,Smoke,S9PI,20240717,9/15/2024,Lampman,12A_A,12A,A,FALSE,33,1,0,1,,0,,,
Konza4,Bu,Smoke,S9PI,20240717,9/15/2024,Lampman,12A_A,12A,A,FALSE,34,2,1,3,,0,,,
Konza4,Bu,Smoke,S9PI,20240717,9/15/2024,Lampman,12A_A,12A,A,FALSE,35,0,1,1,,0,,,
Konza4,Bu,Smoke,S9PI,20240717,9/15/2024,Lampman,12A_A,12A,A,FALSE,36,2,0,2,,0,,,
Konza4,Bu,Smoke,S9PI,20240717,9/15/2024,Lampman,12A_A,12A,A,FALSE,37,0,1,1,,0,,,
Konza4,Bu,Smoke,S9PI,20240717,9/15/2024,Lampman,12A_A,12A,A,FALSE,38,0,1,1,,1,5,,
Konza4,Bu,Smoke,S9PI,20240717,9/15/2024,Lampman,12A_A,12A,A,FALSE,39,0,4,4,,0,,,
Konza4,Bu,Smoke,S9PI,20240717,9/15/2024,Lampman,12A_A,12A,A,FALSE,40,0,5,5,,0,,,
Konza4,Bu,Smoke,S9PI,20240622,9/6/2024,Lampman,11A_A,11A,A,FALSE,1,4,2,6,,0,,,
Konza4,Bu,Smoke,S9PI,20240622,9/6/2024,Lampman,11A_A,11A,A,FALSE,2,3,0,3,,0,,,
Konza4,Bu,Smoke,S9PI,20240622,9/6/2024,Lampman,11A_A,11A,A,FALSE,3,3,0,3,,0,,,
Konza4,Bu,Smoke,S9PI,20240622,9/6/2024,Lampman,11A_A,11A,A,FALSE,4,4,0,4,,0,,,
Konza4,Bu,Smoke,S9PI,20240622,9/6/2024,Lampman,11A_A,11A,A,FALSE,5,0,2,2,,0,,,
Konza4,Bu,Smoke,S9PI,20240622,9/6/2024,Lampman,11A_A,11A,A,FALSE,6,5,0,5,,0,,,
Konza4,Bu,Smoke,S9PI,20240622,9/6/2024,Lampman,11A_A,11A,A,FALSE,7,5,1,6,,0,,,
Konza4,Bu,Smoke,S9PI,20240622,9/6/2024,Lampman,11A_A,11A,A,FALSE,8,2,0,2,,0,,,
Konza4,Bu,Smoke,S9PI,20240622,9/6/2024,Lampman,11A_A,11A,A,FALSE,9,3,0,3,,0,,,
Konza4,Bu,Smoke,S9PI,20240622,9/6/2024,Lampman,11A_A,11A,A,FALSE,10,2,0,2,,0,,,
Konza4,Bu,Smoke,S9PI,20240622,9/6/2024,Lampman,11A_A,11A,A,FALSE,11,3,1,4,,0,,,
Konza4,Bu,Smoke,S9PI,20240622,9/6/2024,Lampman,11A_A,11A,A,FALSE,12,2,1,3,,0,,,
Konza4,Bu,Smoke,S9PI,20240622,9/6/2024,Lampman,11A_A,11A,A,FALSE,13,7,0,7,,0,,,
Konza4,Bu,Smoke,S9PI,20240622,9/6/2024,Lampman,11A_A,11A,A,FALSE,14,2,1,3,,0,,,
Konza4,Bu,Smoke,S9PI,20240622,9/6/2024,Lampman,11A_A,11A,A,FALSE,15,7,0,7,,0,,,
Konza4,Bu,Smoke,S9PI,20240622,9/6/2024,Lampman,11A_A,11A,A,FALSE,16,2,3,5,,0,,,
Konza4,Bu,Smoke,S9PI,20240622,9/6/2024,Lampman,11A_A,11A,A,FALSE,17,2,0,2,,0,,,
Konza4,Bu,Smoke,S9PI,20240622,9/6/2024,Lampman,11A_A,11A,A,FALSE,18,3,0,3,,0,,,
Konza4,Bu,Smoke,S9PI,20240622,9/6/2024,Lampman,11A_A,11A,A,FALSE,19,3,0,3,,0,,,
Konza4,Bu,Smoke,S9PI,20240622,9/6/2024,Lampman,11A_A,11A,A,FALSE,20,3,3,6,,0,,,
Konza4,Bu,Smoke,S9PI,20240622,9/6/2024,Lampman,11A_A,11A,A,FALSE,21,2,2,4,,0,,,
Konza4,Bu,Smoke,S9PI,20240622,9/6/2024,Lampman,11A_A,11A,A,FALSE,22,3,2,5,,0,,,
Konza4,Bu,Smoke,S9PI,20240622,9/6/2024,Lampman,11A_A,11A,A,FALSE,23,2,2,4,,0,,,
Konza4,Bu,Smoke,S9PI,20240622,9/6/2024,Lampman,11A_A,11A,A,FALSE,24,1,1,2,,0,,,
Konza4,Bu,Smoke,S9PI,20240622,9/6/2024,Lampman,11A_A,11A,A,FALSE,25,3,0,3,,0,,,
Konza4,Bu,Smoke,S9PI,20240622,9/6/2024,Lampman,11A_A,11A,A,FALSE,26,5,1,6,,0,,,
Konza4,Bu,Smoke,S9PI,20240622,9/6/2024,Lampman,11A_A,11A,A,FALSE,27,3,0,3,,0,,,
Konza4,Bu,Smoke,S9PI,20240622,9/6/2024,Lampman,11A_A,11A,A,FALSE,28,1,2,3,,0,,,
Konza4,Bu,Smoke,S9PI,20240622,9/6/2024,Lampman,11A_A,11A,A,FALSE,29,0,1,1,,0,,,
Konza4,Bu,Smoke,S9PI,20240622,9/6/2024,Lampman,11A_A,11A,A,FALSE,30,2,0,2,,0,,,
Konza4,Bu,Smoke,S9PI,20240622,9/6/2024,Lampman,11A_A,11A,A,FALSE,31,3,1,4,,0,,,
Konza4,Bu,Smoke,S9PI,20240622,9/6/2024,Lampman,11A_A,11A,A,FALSE,32,6,0,6,,0,,,
Konza4,Bu,Smoke,S9PI,20240622,9/6/2024,Lampman,11A_A,11A,A,FALSE,33,0,1,1,,0,,,
Konza4,Bu,Smoke,S9PI,20240622,9/6/2024,Lampman,11A_A,11A,A,FALSE,34,1,1,2,,0,,,
Konza4,Bu,Smoke,S9PI,20240622,9/6/2024,Lampman,11A_A,11A,A,FALSE,35,0,0,0,,0,,,
Konza4,Bu,Smoke,S9PI,20240622,9/6/2024,Lampman,11A_A,11A,A,FALSE,36,0,1,1,,0,,,
Konza4,Bu,Smoke,S9PI,20240622,9/6/2024,Lampman,11A_A,11A,A,FALSE,37,2,2,4,,0,,,
Konza4,Bu,Smoke,S9PI,20240622,9/6/2024,Lampman,11A_A,11A,A,FALSE,38,2,0,2,,0,,,
Konza4,Bu,Smoke,S9PI,20240622,9/6/2024,Lampman,11A_A,11A,A,FALSE,39,0,4,4,,0,,,
Konza4,Bu,Smoke,S9PI,20240622,9/6/2024,Lampman,11A_A,11A,A,FALSE,40,3,2,5,,0,,,
Konza4,Bu,Smoke,S9PI,20240717,10/3/2024,Lampman,14A_A,14A,A,FALSE,1,1,0,1,,0,,,
Konza4,Bu,Smoke,S9PI,20240717,10/3/2024,Lampman,14A_A,14A,A,FALSE,2,3,1,4,,0,,,
Konza4,Bu,Smoke,S9PI,20240717,10/3/2024,Lampman,14A_A,14A,A,FALSE,3,3,0,3,,0,,,
Konza4,Bu,Smoke,S9PI,20240717,10/3/2024,Lampman,14A_A,14A,A,FALSE,4,4,0,4,,0,,,
Konza4,Bu,Smoke,S9PI,20240717,10/3/2024,Lampman,14A_A,14A,A,FALSE,5,2,1,3,,0,,,
Konza4,Bu,Smoke,S9PI,20240717,10/3/2024,Lampman,14A_A,14A,A,FALSE,6,4,0,4,,0,,,
Konza4,Bu,Smoke,S9PI,20240717,10/3/2024,Lampman,14A_A,14A,A,FALSE,7,2,0,2,,0,,,
Konza4,Bu,Smoke,S9PI,20240717,10/3/2024,Lampman,14A_A,14A,A,FALSE,8,1,0,1,,0,,,
Konza4,Bu,Smoke,S9PI,20240717,10/3/2024,Lampman,14A_A,14A,A,FALSE,9,2,0,2,,0,,,
Konza4,Bu,Smoke,S9PI,20240717,10/3/2024,Lampman,14A_A,14A,A,FALSE,10,2,1,3,,0,,,
Konza4,Bu,Smoke,S9PI,20240717,10/3/2024,Lampman,14A_A,14A,A,FALSE,11,0,2,2,,0,,,
Konza4,Bu,Smoke,S9PI,20240717,10/3/2024,Lampman,14A_A,14A,A,FALSE,12,3,0,3,,0,,,
Konza4,Bu,Smoke,S9PI,20240717,10/3/2024,Lampman,14A_A,14A,A,FALSE,13,2,1,3,,0,,,
Konza4,Bu,Smoke,S9PI,20240717,10/3/2024,Lampman,14A_A,14A,A,FALSE,14,1,1,2,,0,,,
Konza4,Bu,Smoke,S9PI,20240717,10/3/2024,Lampman,14A_A,14A,A,FALSE,15,0,3,3,,0,,,
Konza4,Bu,Smoke,S9PI,20240717,10/3/2024,Lampman,14A_A,14A,A,FALSE,16,3,1,4,,0,,,
Konza4,Bu,Smoke,S9PI,20240717,10/3/2024,Lampman,14A_A,14A,A,FALSE,17,4,0,4,,0,,,
Konza4,Bu,Smoke,S9PI,20240717,10/3/2024,Lampman,14A_A,14A,A,FALSE,18,2,0,2,,0,,,
Konza4,Bu,Smoke,S9PI,20240717,10/3/2024,Lampman,14A_A,14A,A,FALSE,19,0,0,0,,0,,,
Konza4,Bu,Smoke,S9PI,20240717,10/3/2024,Lampman,14A_A,14A,A,FALSE,20,0,1,1,,0,,,
Konza4,Bu,Smoke,S9PI,20240717,10/3/2024,Lampman,14A_A,14A,A,FALSE,21,2,3,5,,0,,,
Konza4,Bu,Smoke,S9PI,20240717,10/3/2024,Lampman,14A_A,14A,A,FALSE,22,1,0,1,,0,,,
Konza4,Bu,Smoke,S9PI,20240717,10/3/2024,Lampman,14A_A,14A,A,FALSE,23,2,5,7,,0,,,
Konza4,Bu,Smoke,S9PI,20240717,10/3/2024,Lampman,14A_A,14A,A,FALSE,24,3,1,4,,0,,,
Konza4,Bu,Smoke,S9PI,20240717,10/3/2024,Lampman,14A_A,14A,A,FALSE,25,1,0,1,,0,,,
Konza4,Bu,Smoke,S9PI,20240717,10/3/2024,Lampman,14A_A,14A,A,FALSE,26,1,0,1,,0,,,
Konza4,Bu,Smoke,S9PI,20240717,10/3/2024,Lampman,14A_A,14A,A,FALSE,27,4,0,4,,0,,,
Konza4,Bu,Smoke,S9PI,20240717,10/3/2024,Lampman,14A_A,14A,A,FALSE,28,2,2,4,,0,,,
Konza4,Bu,Smoke,S9PI,20240717,10/3/2024,Lampman,14A_A,14A,A,FALSE,29,4,1,5,,0,,,
Konza4,Bu,Smoke,S9PI,20240717,10/3/2024,Lampman,14A_A,14A,A,FALSE,30,3,5,8,,0,,,
Konza4,Bu,Smoke,S9PI,20240717,10/3/2024,Lampman,14A_A,14A,A,FALSE,31,4,2,6,,0,,,
Konza4,Bu,Smoke,S9PI,20240717,10/3/2024,Lampman,14A_A,14A,A,FALSE,32,3,3,6,,0,,,
Konza4,Bu,Smoke,S9PI,20240717,10/3/2024,Lampman,14A_A,14A,A,FALSE,33,2,1,3,,0,,,
Konza4,Bu,Smoke,S9PI,20240717,10/3/2024,Lampman,14A_A,14A,A,FALSE,34,1,0,1,,0,,,
Konza4,Bu,Smoke,S9PI,20240717,10/3/2024,Lampman,14A_A,14A,A,FALSE,35,2,0,2,,0,,,
Konza4,Bu,Smoke,S9PI,20240717,10/3/2024,Lampman,14A_A,14A,A,FALSE,36,2,0,2,,0,,,
Konza4,Bu,Smoke,S9PI,20240717,10/3/2024,Lampman,14A_A,14A,A,FALSE,37,4,3,7,,0,,,
Konza4,Bu,Smoke,S9PI,20240717,10/3/2024,Lampman,14A_A,14A,A,FALSE,38,2,1,3,,0,,,
Konza4,Bu,Smoke,S9PI,20240717,10/3/2024,Lampman,14A_A,14A,A,FALSE,39,3,0,3,,0,,,
Konza4,Bu,Smoke,S9PI,20240717,10/3/2024,Lampman,14A_A,14A,A,FALSE,40,2,0,2,,0,,,
Konza4,,LabBlank,S9PI,20240621,10/10/2024,Lampman,LabBlankA,11A,A,FALSE,1,0,1,1,,0,,,
Konza4,,LabBlank,S9PI,20240621,10/10/2024,Lampman,LabBlankA,11A,A,FALSE,2,1,0,1,,0,,,
Konza4,,LabBlank,S9PI,20240621,10/10/2024,Lampman,LabBlankA,11A,A,FALSE,3,1,1,2,,0,,,
Konza4,,LabBlank,S9PI,20240621,10/10/2024,Lampman,LabBlankA,11A,A,FALSE,4,0,1,1,,0,,,
Konza4,,LabBlank,S9PI,20240621,10/10/2024,Lampman,LabBlankA,11A,A,FALSE,5,0,1,1,,0,,,
Konza4,,LabBlank,S9PI,20240621,10/10/2024,Lampman,LabBlankA,11A,A,FALSE,6,0,2,2,,0,,,
Konza4,,LabBlank,S9PI,20240621,10/10/2024,Lampman,LabBlankA,11A,A,FALSE,7,0,5,5,,0,,,
Konza4,,LabBlank,S9PI,20240621,10/10/2024,Lampman,LabBlankA,11A,A,FALSE,8,0,3,3,,0,,,
Konza4,,LabBlank,S9PI,20240621,10/10/2024,Lampman,LabBlankA,11A,A,FALSE,9,0,3,3,,0,,,
Konza4,,LabBlank,S9PI,20240621,10/10/2024,Lampman,LabBlankA,11A,A,FALSE,10,0,1,1,,0,,,
Konza4,,LabBlank,S9PI,20240621,10/10/2024,Lampman,LabBlankA,11A,A,FALSE,11,0,1,1,,0,,,
Konza4,,LabBlank,S9PI,20240621,10/10/2024,Lampman,LabBlankA,11A,A,FALSE,12,1,3,4,,0,,,
Konza4,,LabBlank,S9PI,20240621,10/10/2024,Lampman,LabBlankA,11A,A,FALSE,13,1,1,2,,0,,,
Konza4,,LabBlank,S9PI,20240621,10/10/2024,Lampman,LabBlankA,11A,A,FALSE,14,0,0,0,,0,,,
Konza4,,LabBlank,S9PI,20240621,10/10/2024,Lampman,LabBlankA,11A,A,FALSE,15,0,0,0,,0,,,
Konza4,,LabBlank,S9PI,20240621,10/10/2024,Lampman,LabBlankA,11A,A,FALSE,16,0,0,0,,0,,,
Konza4,,LabBlank,S9PI,20240621,10/10/2024,Lampman,LabBlankA,11A,A,FALSE,17,0,3,3,,0,,,
Konza4,,LabBlank,S9PI,20240621,10/10/2024,Lampman,LabBlankA,11A,A,FALSE,18,2,1,3,,0,,,
Konza4,,LabBlank,S9PI,20240621,10/10/2024,Lampman,LabBlankA,11A,A,FALSE,19,0,0,0,,0,,,
Konza4,,LabBlank,S9PI,20240621,10/10/2024,Lampman,LabBlankA,11A,A,FALSE,20,2,4,6,,0,,,
Konza4,,LabBlank,S9PI,20240621,10/10/2024,Lampman,LabBlankA,11A,A,FALSE,21,0,0,0,,0,,,
Konza4,,LabBlank,S9PI,20240621,10/10/2024,Lampman,LabBlankA,11A,A,FALSE,22,2,1,3,,0,,,
Konza4,,LabBlank,S9PI,20240621,10/10/2024,Lampman,LabBlankA,11A,A,FALSE,23,3,3,6,,0,,,
Konza4,,LabBlank,S9PI,20240621,10/10/2024,Lampman,LabBlankA,11A,A,FALSE,24,0,0,0,,0,,,
Konza4,,LabBlank,S9PI,20240621,10/10/2024,Lampman,LabBlankA,11A,A,FALSE,25,0,2,2,,0,,,
Konza4,,LabBlank,S9PI,20240621,10/10/2024,Lampman,LabBlankA,11A,A,FALSE,26,0,1,1,,0,,,
Konza4,,LabBlank,S9PI,20240621,10/10/2024,Lampman,LabBlankA,11A,A,FALSE,27,1,2,3,,0,,,
Konza4,,LabBlank,S9PI,20240621,10/10/2024,Lampman,LabBlankA,11A,A,FALSE,28,1,0,1,,0,,,
Konza4,,LabBlank,S9PI,20240621,10/10/2024,Lampman,LabBlankA,11A,A,FALSE,29,2,0,2,,0,,,
Konza4,,LabBlank,S9PI,20240621,10/10/2024,Lampman,LabBlankA,11A,A,FALSE,30,4,1,5,,0,,,
Konza4,,LabBlank,S9PI,20240621,10/10/2024,Lampman,LabBlankA,11A,A,FALSE,31,1,0,1,,0,,,
Konza4,,LabBlank,S9PI,20240621,10/10/2024,Lampman,LabBlankA,11A,A,FALSE,32,4,11,15,,0,,,
Konza4,,LabBlank,S9PI,20240621,10/10/2024,Lampman,LabBlankA,11A,A,FALSE,33,2,1,3,,0,,,
Konza4,,LabBlank,S9PI,20240621,10/10/2024,Lampman,LabBlankA,11A,A,FALSE,34,0,0,0,,0,,,
Konza4,,LabBlank,S9PI,20240621,10/10/2024,Lampman,LabBlankA,11A,A,FALSE,35,2,2,4,,0,,,
Konza4,,LabBlank,S9PI,20240621,10/10/2024,Lampman,LabBlankA,11A,A,FALSE,36,1,0,1,,0,,,
Konza4,,LabBlank,S9PI,20240621,10/10/2024,Lampman,LabBlankA,11A,A,FALSE,37,0,1,1,,0,,,
Konza4,,LabBlank,S9PI,20240621,10/10/2024,Lampman,LabBlankA,11A,A,FALSE,38,1,0,1,,0,,,
Konza4,,LabBlank,S9PI,20240621,10/10/2024,Lampman,LabBlankA,11A,A,FALSE,39,0,0,0,,0,,,
Konza4,,LabBlank,S9PI,20240621,10/10/2024,Lampman,LabBlankA,11A,A,FALSE,40,4,0,4,,0,,,
Konza4,,LabBlank,S9PI,20240703,10/10/2024,Lampman,LabBlankA,"12A,13A,14A",A,FALSE,1,2,0,2,,0,,,
Konza4,,LabBlank,S9PI,20240703,10/10/2024,Lampman,LabBlankA,"12A,13A,14A",A,FALSE,2,1,1,2,,0,,,
Konza4,,LabBlank,S9PI,20240703,10/10/2024,Lampman,LabBlankA,"12A,13A,14A",A,FALSE,3,2,0,2,,0,,,
Konza4,,LabBlank,S9PI,20240703,10/10/2024,Lampman,LabBlankA,"12A,13A,14A",A,FALSE,4,2,1,3,,0,,,
Konza4,,LabBlank,S9PI,20240703,10/10/2024,Lampman,LabBlankA,"12A,13A,14A",A,FALSE,5,0,0,0,,0,,,
Konza4,,LabBlank,S9PI,20240703,10/10/2024,Lampman,LabBlankA,"12A,13A,14A",A,FALSE,6,0,1,1,,0,,,
Konza4,,LabBlank,S9PI,20240703,10/10/2024,Lampman,LabBlankA,"12A,13A,14A",A,FALSE,7,4,0,4,,0,,,
Konza4,,LabBlank,S9PI,20240703,10/10/2024,Lampman,LabBlankA,"12A,13A,14A",A,FALSE,8,0,0,0,,0,,,
Konza4,,LabBlank,S9PI,20240703,10/10/2024,Lampman,LabBlankA,"12A,13A,14A",A,FALSE,9,1,2,3,,0,,,
Konza4,,LabBlank,S9PI,20240703,10/10/2024,Lampman,LabBlankA,"12A,13A,14A",A,FALSE,10,2,0,2,,0,,,
Konza4,,LabBlank,S9PI,20240703,10/10/2024,Lampman,LabBlankA,"12A,13A,14A",A,FALSE,11,1,3,4,,0,,,
Konza4,,LabBlank,S9PI,20240703,10/10/2024,Lampman,LabBlankA,"12A,13A,14A",A,FALSE,12,2,0,2,,0,,,
Konza4,,LabBlank,S9PI,20240703,10/10/2024,Lampman,LabBlankA,"12A,13A,14A",A,FALSE,13,1,1,2,,0,,,
Konza4,,LabBlank,S9PI,20240703,10/10/2024,Lampman,LabBlankA,"12A,13A,14A",A,FALSE,14,2,0,2,,0,,,
Konza4,,LabBlank,S9PI,20240703,10/10/2024,Lampman,LabBlankA,"12A,13A,14A",A,FALSE,15,0,1,1,,0,,,
Konza4,,LabBlank,S9PI,20240703,10/10/2024,Lampman,LabBlankA,"12A,13A,14A",A,FALSE,16,1,1,2,,0,,,
Konza4,,LabBlank,S9PI,20240703,10/10/2024,Lampman,LabBlankA,"12A,13A,14A",A,FALSE,17,0,0,0,,0,,,
Konza4,,LabBlank,S9PI,20240703,10/10/2024,Lampman,LabBlankA,"12A,13A,14A",A,FALSE,18,0,0,0,,0,,,
Konza4,,LabBlank,S9PI,20240703,10/10/2024,Lampman,LabBlankA,"12A,13A,14A",A,FALSE,19,2,0,2,,0,,,
Konza4,,LabBlank,S9PI,20240703,10/10/2024,Lampman,LabBlankA,"12A,13A,14A",A,FALSE,20,2,0,2,,0,,,
Konza4,,LabBlank,S9PI,20240703,10/10/2024,Lampman,LabBlankA,"12A,13A,14A",A,FALSE,21,0,2,2,,0,,,
Konza4,,LabBlank,S9PI,20240703,10/10/2024,Lampman,LabBlankA,"12A,13A,14A",A,FALSE,22,0,1,1,,0,,,
Konza4,,LabBlank,S9PI,20240703,10/10/2024,Lampman,LabBlankA,"12A,13A,14A",A,FALSE,23,3,0,3,,0,,,
Konza4,,LabBlank,S9PI,20240703,10/10/2024,Lampman,LabBlankA,"12A,13A,14A",A,FALSE,24,0,0,0,,0,,,
Konza4,,LabBlank,S9PI,20240703,10/10/2024,Lampman,LabBlankA,"12A,13A,14A",A,FALSE,25,1,0,1,,0,,,
Konza4,,LabBlank,S9PI,20240703,10/10/2024,Lampman,LabBlankA,"12A,13A,14A",A,FALSE,26,0,1,1,,0,,,
Konza4,,LabBlank,S9PI,20240703,10/10/2024,Lampman,LabBlankA,"12A,13A,14A",A,FALSE,27,0,1,1,,0,,,
Konza4,,LabBlank,S9PI,20240703,10/10/2024,Lampman,LabBlankA,"12A,13A,14A",A,FALSE,28,2,0,2,,0,,,
Konza4,,LabBlank,S9PI,20240703,10/10/2024,Lampman,LabBlankA,"12A,13A,14A",A,FALSE,29,0,1,1,,0,,,
Konza4,,LabBlank,S9PI,20240703,10/10/2024,Lampman,LabBlankA,"12A,13A,14A",A,FALSE,30,0,0,0,,0,,,
Konza4,,LabBlank,S9PI,20240703,10/10/2024,Lampman,LabBlankA,"12A,13A,14A",A,FALSE,31,0,1,1,,0,,,
Konza4,,LabBlank,S9PI,20240703,10/10/2024,Lampman,LabBlankA,"12A,13A,14A",A,FALSE,32,3,0,3,,0,,,
Konza4,,LabBlank,S9PI,20240703,10/10/2024,Lampman,LabBlankA,"12A,13A,14A",A,FALSE,33,0,3,3,,0,,,
Konza4,,LabBlank,S9PI,20240703,10/10/2024,Lampman,LabBlankA,"12A,13A,14A",A,FALSE,34,1,0,1,,0,,,
Konza4,,LabBlank,S9PI,20240703,10/10/2024,Lampman,LabBlankA,"12A,13A,14A",A,FALSE,35,1,0,1,,0,,,
Konza4,,LabBlank,S9PI,20240703,10/10/2024,Lampman,LabBlankA,"12A,13A,14A",A,FALSE,36,6,0,6,,0,,,
Konza4,,LabBlank,S9PI,20240703,10/10/2024,Lampman,LabBlankA,"12A,13A,14A",A,FALSE,37,0,0,0,,0,,,
Konza4,,LabBlank,S9PI,20240703,10/10/2024,Lampman,LabBlankA,"12A,13A,14A",A,FALSE,38,0,0,0,,0,,,
Konza4,,LabBlank,S9PI,20240703,10/10/2024,Lampman,LabBlankA,"12A,13A,14A",A,FALSE,39,3,0,3,,0,,,
Konza4,,LabBlank,S9PI,20240703,10/10/2024,Lampman,LabBlankA,"12A,13A,14A",A,FALSE,40,1,0,1,,0,,,
Konza4,,LabBlank,S9PI,20240703,10/10/2024,Lampman,LabBlankD,"12A,13A,14A",D,FALSE,1,1,3,4,,0,,,
Konza4,,LabBlank,S9PI,20240703,10/10/2024,Lampman,LabBlankD,"12A,13A,14A",D,FALSE,2,4,1,5,,0,,,
Konza4,,LabBlank,S9PI,20240703,10/10/2024,Lampman,LabBlankD,"12A,13A,14A",D,FALSE,3,1,0,1,,0,,,
Konza4,,LabBlank,S9PI,20240703,10/10/2024,Lampman,LabBlankD,"12A,13A,14A",D,FALSE,4,1,1,2,,0,,,
Konza4,,LabBlank,S9PI,20240703,10/10/2024,Lampman,LabBlankD,"12A,13A,14A",D,FALSE,5,4,2,6,,0,,,
Konza4,,LabBlank,S9PI,20240703,10/10/2024,Lampman,LabBlankD,"12A,13A,14A",D,FALSE,6,4,0,4,,0,,,
Konza4,,LabBlank,S9PI,20240703,10/10/2024,Lampman,LabBlankD,"12A,13A,14A",D,FALSE,7,1,1,2,,0,,,
Konza4,,LabBlank,S9PI,20240703,10/10/2024,Lampman,LabBlankD,"12A,13A,14A",D,FALSE,8,4,2,6,,0,,,
Konza4,,LabBlank,S9PI,20240703,10/10/2024,Lampman,LabBlankD,"12A,13A,14A",D,FALSE,9,3,1,4,,0,,,
Konza4,,LabBlank,S9PI,20240703,10/10/2024,Lampman,LabBlankD,"12A,13A,14A",D,FALSE,10,2,0,2,,0,,,
Konza4,,LabBlank,S9PI,20240703,10/10/2024,Lampman,LabBlankD,"12A,13A,14A",D,FALSE,11,0,0,0,,0,,,
Konza4,,LabBlank,S9PI,20240703,10/10/2024,Lampman,LabBlankD,"12A,13A,14A",D,FALSE,12,3,0,3,,0,,,
Konza4,,LabBlank,S9PI,20240703,10/10/2024,Lampman,LabBlankD,"12A,13A,14A",D,FALSE,13,3,0,3,,0,,,
Konza4,,LabBlank,S9PI,20240703,10/10/2024,Lampman,LabBlankD,"12A,13A,14A",D,FALSE,14,0,0,0,,0,,,
Konza4,,LabBlank,S9PI,20240703,10/10/2024,Lampman,LabBlankD,"12A,13A,14A",D,FALSE,15,2,1,3,,0,,,
Konza4,,LabBlank,S9PI,20240703,10/10/2024,Lampman,LabBlankD,"12A,13A,14A",D,FALSE,16,0,0,0,,0,,,
Konza4,,LabBlank,S9PI,20240703,10/10/2024,Lampman,LabBlankD,"12A,13A,14A",D,FALSE,17,2,0,2,,0,,,
Konza4,,LabBlank,S9PI,20240703,10/10/2024,Lampman,LabBlankD,"12A,13A,14A",D,FALSE,18,1,0,1,,0,,,
Konza4,,LabBlank,S9PI,20240703,10/10/2024,Lampman,LabBlankD,"12A,13A,14A",D,FALSE,19,1,1,2,,0,,,
Konza4,,LabBlank,S9PI,20240703,10/10/2024,Lampman,LabBlankD,"12A,13A,14A",D,FALSE,20,2,0,2,,0,,,
Konza4,,LabBlank,S9PI,20240703,10/10/2024,Lampman,LabBlankD,"12A,13A,14A",D,FALSE,21,0,0,0,,0,,,
Konza4,,LabBlank,S9PI,20240703,10/10/2024,Lampman,LabBlankD,"12A,13A,14A",D,FALSE,22,0,0,0,,0,,,
Konza4,,LabBlank,S9PI,20240703,10/10/2024,Lampman,LabBlankD,"12A,13A,14A",D,FALSE,23,1,0,1,,0,,,
Konza4,,LabBlank,S9PI,20240703,10/10/2024,Lampman,LabBlankD,"12A,13A,14A",D,FALSE,24,3,0,3,,0,,,
Konza4,,LabBlank,S9PI,20240703,10/10/2024,Lampman,LabBlankD,"12A,13A,14A",D,FALSE,25,2,3,5,,0,,,
Konza4,,LabBlank,S9PI,20240703,10/10/2024,Lampman,LabBlankD,"12A,13A,14A",D,FALSE,26,2,0,2,,0,,,
Konza4,,LabBlank,S9PI,20240703,10/10/2024,Lampman,LabBlankD,"12A,13A,14A",D,FALSE,27,8,0,8,,0,,,
Konza4,,LabBlank,S9PI,20240703,10/10/2024,Lampman,LabBlankD,"12A,13A,14A",D,FALSE,28,1,0,1,,0,,,
Konza4,,LabBlank,S9PI,20240703,10/10/2024,Lampman,LabBlankD,"12A,13A,14A",D,FALSE,29,0,0,0,,0,,,
Konza4,,LabBlank,S9PI,20240703,10/10/2024,Lampman,LabBlankD,"12A,13A,14A",D,FALSE,30,1,3,4,,0,,,
Konza4,,LabBlank,S9PI,20240703,10/10/2024,Lampman,LabBlankD,"12A,13A,14A",D,FALSE,31,4,2,6,,0,,,
Konza4,,LabBlank,S9PI,20240703,10/10/2024,Lampman,LabBlankD,"12A,13A,14A",D,FALSE,32,1,2,3,,0,,,
Konza4,,LabBlank,S9PI,20240703,10/10/2024,Lampman,LabBlankD,"12A,13A,14A",D,FALSE,33,1,1,2,,0,,,
Konza4,,LabBlank,S9PI,20240703,10/10/2024,Lampman,LabBlankD,"12A,13A,14A",D,FALSE,34,4,1,5,,0,,,
Konza4,,LabBlank,S9PI,20240703,10/10/2024,Lampman,LabBlankD,"12A,13A,14A",D,FALSE,35,0,0,0,,0,,,
Konza4,,LabBlank,S9PI,20240703,10/10/2024,Lampman,LabBlankD,"12A,13A,14A",D,FALSE,36,3,0,3,,0,,,
Konza4,,LabBlank,S9PI,20240703,10/10/2024,Lampman,LabBlankD,"12A,13A,14A",D,FALSE,37,2,0,2,,0,,,
Konza4,,LabBlank,S9PI,20240703,10/10/2024,Lampman,LabBlankD,"12A,13A,14A",D,FALSE,38,1,1,2,,0,,,
Konza4,,LabBlank,S9PI,20240703,10/10/2024,Lampman,LabBlankD,"12A,13A,14A",D,FALSE,39,2,1,3,,0,,,
Konza4,,LabBlank,S9PI,20240703,10/10/2024,Lampman,LabBlankD,"12A,13A,14A",D,FALSE,40,2,0,2,,0,,,
Konza4,Bu,Smoke,CW/KOH,20240622,10/18/2024,Lampman,11A_C,11A,C,TRUE,1,,,,3,,,0,
Konza4,Bu,Smoke,CW/KOH,20240622,10/18/2024,Lampman,11A_C,11A,C,TRUE,2,,,,3,,,1,0.16
Konza4,Bu,Smoke,CW/KOH,20240622,10/18/2024,Lampman,11A_C,11A,C,TRUE,3,,,,4,,,1,0.05
Konza4,Bu,Smoke,CW/KOH,20240622,10/18/2024,Lampman,11A_C,11A,C,TRUE,4,,,,3,,,3,".05,.025,.025"
Konza4,Bu,Smoke,CW/KOH,20240622,10/18/2024,Lampman,11A_C,11A,C,TRUE,5,,,,3,,,1,0.33
Konza4,Bu,Smoke,CW/KOH,20240622,10/18/2024,Lampman,11A_C,11A,C,TRUE,6,,,,2,,,3,".05,.025,.012"
Konza4,Bu,Smoke,CW/KOH,20240622,10/18/2024,Lampman,11A_C,11A,C,TRUE,7,,,,1,,,1,0.8
Konza4,Bu,Smoke,CW/KOH,20240622,10/18/2024,Lampman,11A_C,11A,C,TRUE,8,,,,5,,,0,
Konza4,Bu,Smoke,CW/KOH,20240622,10/18/2024,Lampman,11A_C,11A,C,TRUE,9,,,,7,,,0,
Konza4,Bu,Smoke,CW/KOH,20240622,10/18/2024,Lampman,11A_C,11A,C,TRUE,10,,,,2,,,0,
Konza4,Bu,Smoke,CW/KOH,20240717,10/18/2024,Lampman,12A_B,12A ,B,FALSE,1,,,,0,,,1,0.16
Konza4,Bu,Smoke,CW/KOH,20240717,10/18/2024,Lampman,12A_B,12A ,B,TRUE,2,,,,4,,,1,0.2
Konza4,Bu,Smoke,CW/KOH,20240717,10/18/2024,Lampman,12A_B,12A ,B,TRUE,3,,,,6,,,0,
Konza4,Bu,Smoke,CW/KOH,20240717,10/18/2024,Lampman,12A_B,12A ,B,TRUE,4,,,,3,,,0,
Konza4,Bu,Smoke,CW/KOH,20240717,10/18/2024,Lampman,12A_B,12A ,B,TRUE,5,,,,5,,,0,
Konza4,Bu,Smoke,CW/KOH,20240717,10/18/2024,Lampman,12A_B,12A ,B,TRUE,6,,,,4,,,0,
Konza4,Bu,Smoke,CW/KOH,20240717,10/18/2024,Lampman,12A_B,12A ,B,TRUE,7,,,,3,,,1,0.16
Konza4,Bu,Smoke,CW/KOH,20240717,10/18/2024,Lampman,12A_B,12A ,B,TRUE,8,,,,1,,,1,0.25
Konza4,Bu,Smoke,CW/KOH,20240717,10/18/2024,Lampman,12A_B,12A ,B,TRUE,9,,,,5,,,0,
Konza4,Bu,Smoke,CW/KOH,20240717,10/18/2024,Lampman,12A_B,12A ,B,TRUE,10,,,,3,,,0,
Konza4,Bu,Smoke,CW/KOH,20240717,10/18/2024,Lampman,13A_B,13A,B,TRUE,1,,,,32,,,1,0.5
Konza4,Bu,Smoke,CW/KOH,20240717,10/18/2024,Lampman,13A_B,13A,B,TRUE,2,,,,4,,,0,
Konza4,Bu,Smoke,CW/KOH,20240717,10/18/2024,Lampman,13A_B,13A,B,TRUE,3,,,,2,,,0,
Konza4,Bu,Smoke,CW/KOH,20240717,10/18/2024,Lampman,13A_B,13A,B,TRUE,4,,,,1,,,0,
Konza4,Bu,Smoke,CW/KOH,20240717,10/18/2024,Lampman,13A_B,13A,B,FALSE,5,,,,0,,,1,0.16
Konza4,Bu,Smoke,CW/KOH,20240717,10/18/2024,Lampman,13A_B,13A,B,TRUE,6,,,,3,,,0,
Konza4,Bu,Smoke,CW/KOH,20240717,10/18/2024,Lampman,13A_B,13A,B,TRUE,7,,,,5,,,3,".16,.25,.16"
Konza4,Bu,Smoke,CW/KOH,20240717,10/18/2024,Lampman,13A_B,13A,B,TRUE,8,,,,3,,,1,0.25
Konza4,Bu,Smoke,CW/KOH,20240717,10/18/2024,Lampman,13A_B,13A,B,FALSE,9,,,,0,,,1,0.25
Konza4,Bu,Smoke,CW/KOH,20240717,10/18/2024,Lampman,13A_B,13A,B,TRUE,10,,,,9,,,0,
Konza4,Bu,Smoke,CW/KOH,20240717,10/18/2024,Lampman,14A_B,14A,B,FALSE,1,,,,0,,,0,
Konza4,Bu,Smoke,CW/KOH,20240717,10/18/2024,Lampman,14A_B,14A,B,TRUE,2,,,,3,,,2,".5,.3"
Konza4,Bu,Smoke,CW/KOH,20240717,10/18/2024,Lampman,14A_B,14A,B,FALSE,3,,,,0,,,0,
Konza4,Bu,Smoke,CW/KOH,20240717,10/18/2024,Lampman,14A_B,14A,B,TRUE,4,,,,10,,,1,0.16
Konza4,Bu,Smoke,CW/KOH,20240717,10/18/2024,Lampman,14A_B,14A,B,TRUE,5,,,,1,,,3,".5,.16,.33"
Konza4,Bu,Smoke,CW/KOH,20240717,10/18/2024,Lampman,14A_B,14A,B,FALSE,6,,,,0,,,0,
Konza4,Bu,Smoke,CW/KOH,20240717,10/18/2024,Lampman,14A_B,14A,B,TRUE,7,,,,1,,,0,
Konza4,Bu,Smoke,CW/KOH,20240717,10/18/2024,Lampman,14A_B,14A,B,TRUE,8,,,,2,,,0,
Konza4,Bu,Smoke,CW/KOH,20240717,10/18/2024,Lampman,14A_B,14A,B,FALSE,9,,,,0,,,1,0.33
Konza4,Bu,Smoke,CW/KOH,20240717,10/18/2024,Lampman,14A_B,14A,B,TRUE,10,,,,3,,,2,".16,.012"
Konza4,Bu,FieldBlank,CW/KOH,20240731,10/22/2024,Lampman,K4_Blank_2B,,B,FALSE,1,,,,0,,,2,".25,.125"
Konza4,Bu,FieldBlank,CW/KOH,20240731,10/22/2024,Lampman,K4_Blank_2B,,B,FALSE,2,,,,0,,,2,"1.25,.125"
Konza4,Bu,FieldBlank,CW/KOH,20240731,10/22/2024,Lampman,K4_Blank_2B,,B,FALSE,3,,,,0,,,1,0.125
Konza4,Bu,FieldBlank,CW/KOH,20240731,10/22/2024,Lampman,K4_Blank_2B,,B,FALSE,4,,,,0,,,0,
Konza4,Bu,FieldBlank,CW/KOH,20240731,10/22/2024,Lampman,K4_Blank_2B,,B,FALSE,5,,,,0,,,0,
Konza4,Bu,FieldBlank,CW/KOH,20240731,10/22/2024,Lampman,K4_Blank_2B,,B,FALSE,6,,,,0,,,0,
Konza4,Bu,FieldBlank,CW/KOH,20240731,10/22/2024,Lampman,K4_Blank_2B,,B,FALSE,7,,,,0,,,0,
Konza4,Bu,FieldBlank,CW/KOH,20240731,10/22/2024,Lampman,K4_Blank_2B,,B,FALSE,8,,,,0,,,0,
Konza4,Bu,FieldBlank,CW/KOH,20240731,10/22/2024,Lampman,K4_Blank_2B,,B,FALSE,9,,,,0,,,0,
Konza4,Bu,FieldBlank,CW/KOH,20240731,10/22/2024,Lampman,K4_Blank_2B,,B,FALSE,10,,,,0,,,0,
Konza4,,LabBlank,CW/KOH,20240703,10/22/2024,Lampman,LabBlankE,"12A,13A,14A",E,FALSE,1,,,,0,,,1,0.6
Konza4,,LabBlank,CW/KOH,20240703,10/22/2024,Lampman,LabBlankE,"12A,13A,14A",E,FALSE,2,,,,0,,,2,".125,.0625"
Konza4,,LabBlank,CW/KOH,20240703,10/22/2024,Lampman,LabBlankE,"12A,13A,14A",E,FALSE,3,,,,0,,,0,
Konza4,,LabBlank,CW/KOH,20240703,10/22/2024,Lampman,LabBlankE,"12A,13A,14A",E,FALSE,4,,,,0,,,0,
Konza4,,LabBlank,CW/KOH,20240703,10/22/2024,Lampman,LabBlankE,"12A,13A,14A",E,FALSE,5,,,,0,,,0,
Konza4,,LabBlank,CW/KOH,20240703,10/22/2024,Lampman,LabBlankE,"12A,13A,14A",E,FALSE,6,,,,0,,,0,
Konza4,,LabBlank,CW/KOH,20240703,10/22/2024,Lampman,LabBlankE,"12A,13A,14A",E,FALSE,7,,,,0,,,0,
Konza4,,LabBlank,CW/KOH,20240703,10/22/2024,Lampman,LabBlankE,"12A,13A,14A",E,FALSE,8,,,,0,,,0,
Konza4,,LabBlank,CW/KOH,20240703,10/22/2024,Lampman,LabBlankE,"12A,13A,14A",E,FALSE,9,,,,0,,,0,
Konza4,,LabBlank,CW/KOH,20240703,10/22/2024,Lampman,LabBlankE,"12A,13A,14A",E,FALSE,10,,,,0,,,0,
Konza4,Bu,Ambient,CW/KOH,20240622,10/22/2024,Lampman,1A_B,1A,B,TRUE,1,,,,5,,,1,0.25
Konza4,Bu,Ambient,CW/KOH,20240622,10/22/2024,Lampman,1A_B,1A,B,TRUE,2,,,,2,,,0,
Konza4,Bu,Ambient,CW/KOH,20240622,10/22/2024,Lampman,1A_B,1A,B,FALSE,3,,,,0,,,0,
Konza4,Bu,Ambient,CW/KOH,20240622,10/22/2024,Lampman,1A_B,1A,B,TRUE,4,,,,1,,,0,
Konza4,Bu,Ambient,CW/KOH,20240622,10/22/2024,Lampman,1A_B,1A,B,FALSE,5,,,,0,,,0,
Konza4,Bu,Ambient,CW/KOH,20240622,10/22/2024,Lampman,1A_B,1A,B,FALSE,6,,,,0,,,2,".25, .0625"
Konza4,Bu,Ambient,CW/KOH,20240622,10/22/2024,Lampman,1A_B,1A,B,TRUE,7,,,,2,,,0,
Konza4,Bu,Ambient,CW/KOH,20240622,10/22/2024,Lampman,1A_B,1A,B,TRUE,8,,,,4,,,2,".0625, .0312"
Konza4,Bu,Ambient,CW/KOH,20240622,10/22/2024,Lampman,1A_B,1A,B,FALSE,9,,,,0,,,0,
Konza4,Bu,Ambient,CW/KOH,20240622,10/22/2024,Lampman,1A_B,1A,B,TRUE,10,,,,1,,,1,0.25
Konza4,,LabBlank,CW/KOH,20240503,10/24/2024,Lampman,LabBlankC,,C,FALSE,1,,,,0,,,,
Konza4,,LabBlank,CW/KOH,20240503,10/24/2024,Lampman,LabBlankC,,C,FALSE,2,,,,0,,,,
Konza4,,LabBlank,CW/KOH,20240503,10/24/2024,Lampman,LabBlankC,,C,FALSE,3,,,,0,,,,
Konza4,,LabBlank,CW/KOH,20240503,10/24/2024,Lampman,LabBlankC,,C,FALSE,4,,,,0,,,,
Konza4,,LabBlank,CW/KOH,20240503,10/24/2024,Lampman,LabBlankC,,C,FALSE,5,,,,0,,,,
Konza4,,LabBlank,CW/KOH,20240503,10/24/2024,Lampman,LabBlankC,,C,FALSE,6,,,,0,,,,
Konza4,,LabBlank,CW/KOH,20240503,10/24/2024,Lampman,LabBlankC,,C,FALSE,7,,,,0,,,,
Konza4,,LabBlank,CW/KOH,20240503,10/24/2024,Lampman,LabBlankC,,C,FALSE,8,,,,0,,,,
Konza4,,LabBlank,CW/KOH,20240503,10/24/2024,Lampman,LabBlankC,,C,FALSE,9,,,,0,,,,
Konza4,,LabBlank,CW/KOH,20240503,10/24/2024,Lampman,LabBlankC,,C,FALSE,10,,,,0,,,,
Konza4,,LabBlank,CW/KOH,20240505,10/24/2024,Lampman,LabBlankC,,C,FALSE,1,,,,0,,,,
Konza4,,LabBlank,CW/KOH,20240505,10/24/2024,Lampman,LabBlankC,,C,FALSE,2,,,,0,,,,
Konza4,,LabBlank,CW/KOH,20240505,10/24/2024,Lampman,LabBlankC,,C,FALSE,3,,,,0,,,,
Konza4,,LabBlank,CW/KOH,20240505,10/24/2024,Lampman,LabBlankC,,C,TRUE,4,,,,1,,,,
Konza4,,LabBlank,CW/KOH,20240505,10/24/2024,Lampman,LabBlankC,,C,FALSE,5,,,,0,,,1,0.25
Konza4,,LabBlank,CW/KOH,20240505,10/24/2024,Lampman,LabBlankC,,C,FALSE,6,,,,0,,,,
Konza4,,LabBlank,CW/KOH,20240505,10/24/2024,Lampman,LabBlankC,,C,FALSE,7,,,,0,,,,
Konza4,,LabBlank,CW/KOH,20240505,10/24/2024,Lampman,LabBlankC,,C,FALSE,8,,,,0,,,,
Konza4,,LabBlank,CW/KOH,20240505,10/24/2024,Lampman,LabBlankC,,C,TRUE,9,,,,1,,,,
Konza4,,LabBlank,CW/KOH,20240505,10/24/2024,Lampman,LabBlankC,,C,TRUE,10,,,,1,,,1,0.75
Konza4,,LabBlank,CW/KOH,20240619,10/24/2024,Lampman,LabBlankB,,B,TRUE,1,,,,1,,,,
Konza4,,LabBlank,CW/KOH,20240619,10/24/2024,Lampman,LabBlankB,,B,FALSE,2,,,,0,,,,
Konza4,,LabBlank,CW/KOH,20240619,10/24/2024,Lampman,LabBlankB,,B,FALSE,3,,,,0,,,,
Konza4,,LabBlank,CW/KOH,20240619,10/24/2024,Lampman,LabBlankB,,B,FALSE,4,,,,0,,,,
Konza4,,LabBlank,CW/KOH,20240619,10/24/2024,Lampman,LabBlankB,,B,FALSE,5,,,,0,,,,
Konza4,,LabBlank,CW/KOH,20240619,10/24/2024,Lampman,LabBlankB,,B,FALSE,6,,,,0,,,,
Konza4,,LabBlank,CW/KOH,20240619,10/24/2024,Lampman,LabBlankB,,B,FALSE,7,,,,0,,,,
Konza4,,LabBlank,CW/KOH,20240619,10/24/2024,Lampman,LabBlankB,,B,TRUE,8,,,,1,,,,
Konza4,,LabBlank,CW/KOH,20240619,10/24/2024,Lampman,LabBlankB,,B,FALSE,9,,,,0,,,,
Konza4,,LabBlank,CW/KOH,20240619,10/24/2024,Lampman,LabBlankB,,B,FALSE,10,,,,0,,,,
Konza4,,LabBlank,CW/KOH,20240621,10/24/2024,Lampman,LabBlankB,,B,FALSE,1,,,,0,,,,
Konza4,,LabBlank,CW/KOH,20240621,10/24/2024,Lampman,LabBlankB,,B,FALSE,2,,,,0,,,,
Konza4,,LabBlank,CW/KOH,20240621,10/24/2024,Lampman,LabBlankB,,B,FALSE,3,,,,0,,,,
Konza4,,LabBlank,CW/KOH,20240621,10/24/2024,Lampman,LabBlankB,,B,FALSE,4,,,,0,,,,
Konza4,,LabBlank,CW/KOH,20240621,10/24/2024,Lampman,LabBlankB,,B,FALSE,5,,,,0,,,1,0.125
Konza4,,LabBlank,CW/KOH,20240621,10/24/2024,Lampman,LabBlankB,,B,FALSE,6,,,,0,,,1,0.6
Konza4,,LabBlank,CW/KOH,20240621,10/24/2024,Lampman,LabBlankB,,B,FALSE,7,,,,0,,,,
Konza4,,LabBlank,CW/KOH,20240621,10/24/2024,Lampman,LabBlankB,,B,FALSE,8,,,,0,,,,
Konza4,,LabBlank,CW/KOH,20240621,10/24/2024,Lampman,LabBlankB,,B,FALSE,9,,,,0,,,1,0.25
Konza4,,LabBlank,CW/KOH,20240621,10/24/2024,Lampman,LabBlankB,,B,FALSE,10,,,,0,,,,
Konza4,,LabBlank,CW/KOH,20240703,10/24/2024,Lampman,LabBlankB,,B,FALSE,1,,,,0,,,,
Konza4,,LabBlank,CW/KOH,20240703,10/24/2024,Lampman,LabBlankB,,B,FALSE,2,,,,0,,,,
Konza4,,LabBlank,CW/KOH,20240703,10/24/2024,Lampman,LabBlankB,,B,FALSE,3,,,,0,,,,
Konza4,,LabBlank,CW/KOH,20240703,10/24/2024,Lampman,LabBlankB,,B,FALSE,4,,,,0,,,,
Konza4,,LabBlank,CW/KOH,20240703,10/24/2024,Lampman,LabBlankB,,B,FALSE,5,,,,0,,,,
Konza4,,LabBlank,CW/KOH,20240703,10/24/2024,Lampman,LabBlankB,,B,FALSE,6,,,,0,,,,
Konza4,,LabBlank,CW/KOH,20240703,10/24/2024,Lampman,LabBlankB,,B,FALSE,7,,,,0,,,,
Konza4,,LabBlank,CW/KOH,20240703,10/24/2024,Lampman,LabBlankB,,B,FALSE,8,,,,0,,,,
Konza4,,LabBlank,CW/KOH,20240703,10/24/2024,Lampman,LabBlankB,,B,FALSE,9,,,,0,,,,
Konza4,,LabBlank,CW/KOH,20240703,10/24/2024,Lampman,LabBlankB,,B,FALSE,10,,,,0,,,,
Konza4,,LabBlank,CW/KOH,20240807,10/24/2024,Lampman,LabBlankB,,B,FALSE,1,,,,0,,,,
Konza4,,LabBlank,CW/KOH,20240807,10/24/2024,Lampman,LabBlankB,,B,TRUE,2,,,,5,,,,
Konza4,,LabBlank,CW/KOH,20240807,10/24/2024,Lampman,LabBlankB,,B,FALSE,3,,,,0,,,,
Konza4,,LabBlank,CW/KOH,20240807,10/24/2024,Lampman,LabBlankB,,B,FALSE,4,,,,0,,,,
Konza4,,LabBlank,CW/KOH,20240807,10/24/2024,Lampman,LabBlankB,,B,FALSE,5,,,,0,,,,
Konza4,,LabBlank,CW/KOH,20240807,10/24/2024,Lampman,LabBlankB,,B,FALSE,6,,,,0,,,,
Konza4,,LabBlank,CW/KOH,20240807,10/24/2024,Lampman,LabBlankB,,B,FALSE,7,,,,0,,,,
Konza4,,LabBlank,CW/KOH,20240807,10/24/2024,Lampman,LabBlankB,,B,FALSE,8,,,,0,,,,
Konza4,,LabBlank,CW/KOH,20240807,10/24/2024,Lampman,LabBlankB,,B,FALSE,9,,,,0,,,,
Konza4,,LabBlank,CW/KOH,20240807,10/24/2024,Lampman,LabBlankB,,B,FALSE,10,,,,0,,,,
Konza4,Bu,Ambient,S9PI,20240509,11/7/2024,Lampman,10B_A,10B,A,FALSE,1,5,4,9,,,,,
Konza4,Bu,Ambient,S9PI,20240509,11/7/2024,Lampman,10B_A,10B,A,FALSE,2,3,2,5,,,,,
Konza4,Bu,Ambient,S9PI,20240509,11/7/2024,Lampman,10B_A,10B,A,FALSE,3,7,0,7,,,,,
Konza4,Bu,Ambient,S9PI,20240509,11/7/2024,Lampman,10B_A,10B,A,FALSE,4,3,2,5,,,,,
Konza4,Bu,Ambient,S9PI,20240509,11/7/2024,Lampman,10B_A,10B,A,FALSE,5,4,1,5,,,,,
Konza4,Bu,Ambient,S9PI,20240509,11/7/2024,Lampman,10B_A,10B,A,FALSE,6,2,0,2,,,,,
Konza4,Bu,Ambient,S9PI,20240509,11/7/2024,Lampman,10B_A,10B,A,FALSE,7,3,0,3,,,,,
Konza4,Bu,Ambient,S9PI,20240509,11/7/2024,Lampman,10B_A,10B,A,FALSE,8,0,0,0,,,,,
Konza4,Bu,Ambient,S9PI,20240509,11/7/2024,Lampman,10B_A,10B,A,FALSE,9,0,1,1,,,,,
Konza4,Bu,Ambient,S9PI,20240509,11/7/2024,Lampman,10B_A,10B,A,FALSE,10,1,0,1,,,,,
Konza4,Bu,Ambient,S9PI,20240509,11/7/2024,Lampman,10B_A,10B,A,FALSE,11,1,1,2,,,,,
Konza4,Bu,Ambient,S9PI,20240509,11/7/2024,Lampman,10B_A,10B,A,FALSE,12,0,2,2,,,,,
Konza4,Bu,Ambient,S9PI,20240509,11/7/2024,Lampman,10B_A,10B,A,FALSE,13,0,0,0,,,,,
Konza4,Bu,Ambient,S9PI,20240509,11/7/2024,Lampman,10B_A,10B,A,FALSE,14,1,0,1,,,,,
Konza4,Bu,Ambient,S9PI,20240509,11/7/2024,Lampman,10B_A,10B,A,FALSE,15,3,0,3,,,,,
Konza4,Bu,Ambient,S9PI,20240509,11/7/2024,Lampman,10B_A,10B,A,FALSE,16,0,0,0,,,,,
Konza4,Bu,Ambient,S9PI,20240509,11/7/2024,Lampman,10B_A,10B,A,FALSE,17,0,0,0,,,,,
Konza4,Bu,Ambient,S9PI,20240509,11/7/2024,Lampman,10B_A,10B,A,FALSE,18,0,2,2,,,,,
Konza4,Bu,Ambient,S9PI,20240509,11/7/2024,Lampman,10B_A,10B,A,FALSE,19,2,0,2,,,,,
Konza4,Bu,Ambient,S9PI,20240509,11/7/2024,Lampman,10B_A,10B,A,FALSE,20,0,0,0,,,,,
Konza4,Bu,Ambient,S9PI,20240509,11/7/2024,Lampman,10B_A,10B,A,FALSE,21,1,0,1,,,,,
Konza4,Bu,Ambient,S9PI,20240509,11/7/2024,Lampman,10B_A,10B,A,FALSE,22,0,0,0,,,,,
Konza4,Bu,Ambient,S9PI,20240509,11/7/2024,Lampman,10B_A,10B,A,FALSE,23,2,0,2,,,,,
Konza4,Bu,Ambient,S9PI,20240509,11/7/2024,Lampman,10B_A,10B,A,FALSE,24,3,0,3,,,,,
Konza4,Bu,Ambient,S9PI,20240509,11/7/2024,Lampman,10B_A,10B,A,FALSE,25,1,0,1,,,,,
Konza4,Bu,Ambient,S9PI,20240509,11/7/2024,Lampman,10B_A,10B,A,FALSE,26,0,0,0,,,,,
Konza4,Bu,Ambient,S9PI,20240509,11/7/2024,Lampman,10B_A,10B,A,FALSE,27,0,0,0,,,,,
Konza4,Bu,Ambient,S9PI,20240509,11/7/2024,Lampman,10B_A,10B,A,FALSE,28,0,0,0,,,,,
Konza4,Bu,Ambient,S9PI,20240509,11/7/2024,Lampman,10B_A,10B,A,FALSE,29,0,0,0,,,,,
Konza4,Bu,Ambient,S9PI,20240509,11/7/2024,Lampman,10B_A,10B,A,FALSE,30,2,0,2,,,,,
Konza4,Bu,Ambient,S9PI,20240509,11/7/2024,Lampman,10B_A,10B,A,FALSE,31,1,0,1,,,,,
Konza4,Bu,Ambient,S9PI,20240509,11/7/2024,Lampman,10B_A,10B,A,FALSE,32,2,0,2,,,,,
Konza4,Bu,Ambient,S9PI,20240509,11/7/2024,Lampman,10B_A,10B,A,FALSE,33,1,0,1,,,,,
Konza4,Bu,Ambient,S9PI,20240509,11/7/2024,Lampman,10B_A,10B,A,FALSE,34,1,0,1,,,,,
Konza4,Bu,Ambient,S9PI,20240509,11/7/2024,Lampman,10B_A,10B,A,FALSE,35,3,0,3,,,,,
Konza4,Bu,Ambient,S9PI,20240509,11/7/2024,Lampman,10B_A,10B,A,FALSE,36,1,0,1,,,,,
Konza4,Bu,Ambient,S9PI,20240509,11/7/2024,Lampman,10B_A,10B,A,FALSE,37,3,0,3,,,,,
Konza4,Bu,Ambient,S9PI,20240509,11/7/2024,Lampman,10B_A,10B,A,FALSE,38,2,0,2,,,,,
Konza4,Bu,Ambient,S9PI,20240509,11/7/2024,Lampman,10B_A,10B,A,FALSE,39,0,1,1,,,,,
Konza4,Bu,Ambient,S9PI,20240509,11/7/2024,Lampman,10B_A,10B,A,FALSE,40,1,0,1,,,,,
Konza4,Bu,Smoke,CW/KOH,20241119,12/3/2024,Lampman,8A_B,8A,B,FALSE,1,,,,0,,,0,
Konza4,Bu,Smoke,CW/KOH,20241119,12/3/2024,Lampman,8A_B,8A,B,TRUE,2,,,,2,,,4,".25,.125,.0612,.0612"
Konza4,Bu,Smoke,CW/KOH,20241119,12/3/2024,Lampman,8A_B,8A,B,TRUE,3,,,,1,,,5,".5,.5,.3,.3,.25"
Konza4,Bu,Smoke,CW/KOH,20241119,12/3/2024,Lampman,8A_B,8A,B,TRUE,4,,,,5,,,0,
Konza4,Bu,Smoke,CW/KOH,20241119,12/3/2024,Lampman,8A_B,8A,B,TRUE,5,,,,2,,,0,
Konza4,Bu,Smoke,CW/KOH,20241119,12/3/2024,Lampman,8A_B,8A,B,TRUE,6,,,,13,,,4,".25,.25,.25,.125"
Konza4,Bu,Smoke,CW/KOH,20241119,12/3/2024,Lampman,8A_B,8A,B,TRUE,7,,,,8,,,0,
Konza4,Bu,Smoke,CW/KOH,20241119,12/3/2024,Lampman,8A_B,8A,B,TRUE,8,,,,2,,,1,0.125
Konza4,Bu,Smoke,CW/KOH,20241119,12/3/2024,Lampman,8A_B,8A,B,TRUE,9,,,,6,,,0,
Konza4,Bu,Smoke,CW/KOH,20241119,12/3/2024,Lampman,8A_B,8A,B,TRUE,10,,,,8,,,1,0.5
Konza4,Bu,Smoke,CW/KOH,20241119,12/3/2024,Lampman,9A_B,9A,B,TRUE,1,,,,2,,,0,
Konza4,Bu,Smoke,CW/KOH,20241119,12/3/2024,Lampman,9A_B,9A,B,TRUE,2,,,,4,,,1,0.03125
Konza4,Bu,Smoke,CW/KOH,20241119,12/3/2024,Lampman,9A_B,9A,B,TRUE,3,,,,1,,,0,
Konza4,Bu,Smoke,CW/KOH,20241119,12/3/2024,Lampman,9A_B,9A,B,TRUE,4,,,,2,,,1,0.03125
Konza4,Bu,Smoke,CW/KOH,20241119,12/3/2024,Lampman,9A_B,9A,B,TRUE,5,,,,1,,,0,
Konza4,Bu,Smoke,CW/KOH,20241119,12/3/2024,Lampman,9A_B,9A,B,TRUE,6,,,,9,,,0,
Konza4,Bu,Smoke,CW/KOH,20241119,12/3/2024,Lampman,9A_B,9A,B,TRUE,7,,,,1,,,3,".125,.125,.06125"
Konza4,Bu,Smoke,CW/KOH,20241119,12/3/2024,Lampman,9A_B,9A,B,TRUE,8,,,,2,,,3,".06125,.06125,.3"
Konza4,Bu,Smoke,CW/KOH,20241119,12/3/2024,Lampman,9A_B,9A,B,TRUE,9,,,,1,,,2,".5,.75"
Konza4,Bu,Smoke,CW/KOH,20241119,12/3/2024,Lampman,9A_B,9A,B,FALSE,10,,,,0,,,2,".3,.03125"
Konza4,Bu,LabBlank,CW/KOH,20241119,12/3/2024,Lampman,LabBlankB,"6A, 7A, 8A, 9A",B,TRUE,1,,,,1,,,0,
Konza4,Bu,LabBlank,CW/KOH,20241119,12/3/2024,Lampman,LabBlankB,"6A, 7A, 8A, 9A",B,FALSE,2,,,,0,,,0,
Konza4,Bu,LabBlank,CW/KOH,20241119,12/3/2024,Lampman,LabBlankB,"6A, 7A, 8A, 9A",B,FALSE,3,,,,0,,,0,
Konza4,Bu,LabBlank,CW/KOH,20241119,12/3/2024,Lampman,LabBlankB,"6A, 7A, 8A, 9A",B,FALSE,4,,,,0,,,0,
Konza4,Bu,LabBlank,CW/KOH,20241119,12/3/2024,Lampman,LabBlankB,"6A, 7A, 8A, 9A",B,FALSE,5,,,,0,,,0,
Konza4,Bu,LabBlank,CW/KOH,20241119,12/3/2024,Lampman,LabBlankB,"6A, 7A, 8A, 9A",B,FALSE,6,,,,0,,,0,
Konza4,Bu,LabBlank,CW/KOH,20241119,12/3/2024,Lampman,LabBlankB,"6A, 7A, 8A, 9A",B,FALSE,7,,,,0,,,0,
Konza4,Bu,LabBlank,CW/KOH,20241119,12/3/2024,Lampman,LabBlankB,"6A, 7A, 8A, 9A",B,TRUE,8,,,,2,,,0,
Konza4,Bu,LabBlank,CW/KOH,20241119,12/3/2024,Lampman,LabBlankB,"6A, 7A, 8A, 9A",B,FALSE,9,,,,0,,,1,0.125
Konza4,Bu,LabBlank,CW/KOH,20241119,12/3/2024,Lampman,LabBlankB,"6A, 7A, 8A, 9A",B,FALSE,10,,,,0,,,0,
Konza4,Bu,Smoke,CW/KOH,20241119,12/3/2024,Lampman,6A_B,6A,B,TRUE,1,,,,3,,,0,
Konza4,Bu,Smoke,CW/KOH,20241119,12/3/2024,Lampman,6A_B,6A,B,TRUE,2,,,,3,,,0,
Konza4,Bu,Smoke,CW/KOH,20241119,12/3/2024,Lampman,6A_B,6A,B,TRUE,3,,,,2,,,1,0.25
Konza4,Bu,Smoke,CW/KOH,20241119,12/3/2024,Lampman,6A_B,6A,B,TRUE,4,,,,3,,,0,
Konza4,Bu,Smoke,CW/KOH,20241119,12/3/2024,Lampman,6A_B,6A,B,TRUE,5,,,,2,,,2,".25,.125"
Konza4,Bu,Smoke,CW/KOH,20241119,12/3/2024,Lampman,6A_B,6A,B,TRUE,6,,,,1,,,1,0.06125
Konza4,Bu,Smoke,CW/KOH,20241119,12/3/2024,Lampman,6A_B,6A,B,TRUE,7,,,,2,,,2,".25,.06125"
Konza4,Bu,Smoke,CW/KOH,20241119,12/3/2024,Lampman,6A_B,6A,B,TRUE,8,,,,2,,,2,".3,.3"
Konza4,Bu,Smoke,CW/KOH,20241119,12/3/2024,Lampman,6A_B,6A,B,FALSE,9,,,,0,,,3,".25,.06125,.25"
Konza4,Bu,Smoke,CW/KOH,20241119,12/3/2024,Lampman,6A_B,6A,B,TRUE,10,,,,5,,,0,
Konza4,Bu,Smoke,CW/KOH,20241119,12/3/2024,Lampman,7A_B,7A,B,TRUE,1,,,,2,,,5,".125,.125,.125,.125,.06125"
Konza4,Bu,Smoke,CW/KOH,20241119,12/3/2024,Lampman,7A_B,7A,B,TRUE,2,,,,2,,,1,0.03125
Konza4,Bu,Smoke,CW/KOH,20241119,12/3/2024,Lampman,7A_B,7A,B,TRUE,3,,,,1,,,1,0.25
Konza4,Bu,Smoke,CW/KOH,20241119,12/3/2024,Lampman,7A_B,7A,B,FALSE,4,,,,0,,,3,".25,.03125,.3"
Konza4,Bu,Smoke,CW/KOH,20241119,12/3/2024,Lampman,7A_B,7A,B,TRUE,5,,,,6,,,0,
Konza4,Bu,Smoke,CW/KOH,20241119,12/3/2024,Lampman,7A_B,7A,B,TRUE,6,,,,2,,,4,".25,.25,.125,.2"
Konza4,Bu,Smoke,CW/KOH,20241119,12/3/2024,Lampman,7A_B,7A,B,TRUE,7,,,,1,,,4,".5,.25,.125,.3"
Konza4,Bu,Smoke,CW/KOH,20241119,12/3/2024,Lampman,7A_B,7A,B,TRUE,8,,,,4,,,1,0.75
Konza4,Bu,Smoke,CW/KOH,20241119,12/3/2024,Lampman,7A_B,7A,B,TRUE,9,,,,1,,,4,".5,.3,.03125,.03125"
Konza4,Bu,Smoke,CW/KOH,20241119,12/3/2024,Lampman,7A_B,7A,B,TRUE,10,,,,7,,,7,".5,.5,.5,.5,.5,.5,.25"
Konza4,Bu,Ambient,CW/KOH,20240624,10/22/2024,Lampman,2A.B,2A,B,TRUE,1,,,,3,,,1,0.25
Konza4,Bu,Ambient,CW/KOH,20240624,10/22/2024,Lampman,2A.B,2A,B,FALSE,2,,,,0,,,0,
Konza4,Bu,Ambient,CW/KOH,20240624,10/22/2024,Lampman,2A.B,2A,B,FALSE,3,,,,0,,,0,
Konza4,Bu,Ambient,CW/KOH,20240624,10/22/2024,Lampman,2A.B,2A,B,TRUE,4,,,,5,,,0,
Konza4,Bu,Ambient,CW/KOH,20240624,10/22/2024,Lampman,2A.B,2A,B,FALSE,5,,,,0,,,0,
Konza4,Bu,Ambient,CW/KOH,20240624,10/22/2024,Lampman,2A.B,2A,B,TRUE,6,,,,1,,,0,
Konza4,Bu,Ambient,CW/KOH,20240624,10/22/2024,Lampman,2A.B,2A,B,TRUE,7,,,,3,,,1,0.25
Konza4,Bu,Ambient,CW/KOH,20240624,10/22/2024,Lampman,2A.B,2A,B,FALSE,8,,,,0,,,2,".0625,.0625"
Konza4,Bu,Ambient,CW/KOH,20240624,10/22/2024,Lampman,2A.B,2A,B,TRUE,9,,,,1,,,1,0.0625
Konza4,Bu,Ambient,CW/KOH,20240624,10/22/2024,Lampman,2A.B,2A,B,FALSE,10,,,,0,,,0,
Konza4,Bu,Smoke,CW/KOH,20240703,10/22/2024,Lampman,3A.B,3A,B,TRUE,1,,,,3,,,0,
Konza4,Bu,Smoke,CW/KOH,20240703,10/22/2024,Lampman,3A.B,3A,B,TRUE,2,,,,12,,,0,
Konza4,Bu,Smoke,CW/KOH,20240703,10/22/2024,Lampman,3A.B,3A,B,TRUE,3,,,,19,,,0,
Konza4,Bu,Smoke,CW/KOH,20240703,10/22/2024,Lampman,3A.B,3A,B,TRUE,4,,,,7,,,1,0.0125
Konza4,Bu,Smoke,CW/KOH,20240703,10/22/2024,Lampman,3A.B,3A,B,TRUE,5,,,,7,,,0,
Konza4,Bu,Smoke,CW/KOH,20240703,10/22/2024,Lampman,3A.B,3A,B,TRUE,6,,,,9,,,0,
Konza4,Bu,Smoke,CW/KOH,20240703,10/22/2024,Lampman,3A.B,3A,B,TRUE,7,,,,6,,,0,
Konza4,Bu,Smoke,CW/KOH,20240703,10/22/2024,Lampman,3A.B,3A,B,TRUE,8,,,,7,,,1,0.03125
Konza4,Bu,Smoke,CW/KOH,20240703,10/22/2024,Lampman,3A.B,3A,B,TRUE,9,,,,1,,,0,
Konza4,Bu,Smoke,CW/KOH,20240703,10/22/2024,Lampman,3A.B,3A,B,TRUE,10,,,,10,,,0,
Konza4,Bu,Smoke,CW/KOH,20240703,10/22/2024,Lampman,4A.B,4A,B,TRUE,1,,,,2,,,0,
Konza4,Bu,Smoke,CW/KOH,20240703,10/22/2024,Lampman,4A.B,4A,B,FALSE,2,,,,0,,,1,0.25
Konza4,Bu,Smoke,CW/KOH,20240703,10/22/2024,Lampman,4A.B,4A,B,TRUE,3,,,,8,,,0,
Konza4,Bu,Smoke,CW/KOH,20240703,10/22/2024,Lampman,4A.B,4A,B,FALSE,4,,,,0,,,0,
Konza4,Bu,Smoke,CW/KOH,20240703,10/22/2024,Lampman,4A.B,4A,B,TRUE,5,,,,1,,,0,
Konza4,Bu,Smoke,CW/KOH,20240703,10/22/2024,Lampman,4A.B,4A,B,TRUE,6,,,,3,,,0,
Konza4,Bu,Smoke,CW/KOH,20240703,10/22/2024,Lampman,4A.B,4A,B,TRUE,7,,,,2,,,1,0.25
Konza4,Bu,Smoke,CW/KOH,20240703,10/22/2024,Lampman,4A.B,4A,B,TRUE,8,,,,3,,,0,
Konza4,Bu,Smoke,CW/KOH,20240703,10/22/2024,Lampman,4A.B,4A,B,FALSE,9,,,,0,,,0,
Konza4,Bu,Smoke,CW/KOH,20240703,10/22/2024,Lampman,4A.B,4A,B,TRUE,10,,,,1,,,4,".3,.3,.3,.25"
Konza4,Bu,Smoke,CW/KOH,20240704,10/22/2024,Lampman,5A.B,5A,B,TRUE,1,,,,8,,,0,
Konza4,Bu,Smoke,CW/KOH,20240704,10/22/2024,Lampman,5A.B,5A,B,TRUE,2,,,,6,,,1,0.4
Konza4,Bu,Smoke,CW/KOH,20240704,10/22/2024,Lampman,5A.B,5A,B,TRUE,3,,,,2,,,0,
Konza4,Bu,Smoke,CW/KOH,20240704,10/22/2024,Lampman,5A.B,5A,B,TRUE,4,,,,5,,,4,".25,.25,.3,.125"
Konza4,Bu,Smoke,CW/KOH,20240704,10/22/2024,Lampman,5A.B,5A,B,TRUE,5,,,,2,,,0,
Konza4,Bu,Smoke,CW/KOH,20240704,10/22/2024,Lampman,5A.B,5A,B,TRUE,6,,,,8,,,2,".125,.25"
Konza4,Bu,Smoke,CW/KOH,20240704,10/22/2024,Lampman,5A.B,5A,B,TRUE,7,,,,2,,,0,
Konza4,Bu,Smoke,CW/KOH,20240704,10/22/2024,Lampman,5A.B,5A,B,TRUE,8,,,,3,,,0,
Konza4,Bu,Smoke,CW/KOH,20240704,10/22/2024,Lampman,5A.B,5A,B,TRUE,9,,,,3,,,0,
Konza4,Bu,Smoke,CW/KOH,20240704,10/22/2024,Lampman,5A.B,5A,B,TRUE,10,,,,8,,,0,
Konza4,Bu,LabBlank,CW/KOH,20250329,3/29/2025,Lampman,LabBlank4.B,"FieldBlank3.B, FieldBlank4.B",B,FALSE,1,,,,0,,,,
Konza4,Bu,LabBlank,CW/KOH,20250329,3/29/2025,Lampman,LabBlank4.B,"FieldBlank3.B, FieldBlank4.B",B,FALSE,2,,,,0,,,1,0.3
Konza4,Bu,LabBlank,CW/KOH,20250329,3/29/2025,Lampman,LabBlank4.B,"FieldBlank3.B, FieldBlank4.B",B,FALSE,3,,,,0,,,,
Konza4,Bu,LabBlank,CW/KOH,20250329,3/29/2025,Lampman,LabBlank4.B,"FieldBlank3.B, FieldBlank4.B",B,FALSE,4,,,,0,,,1,0.5
Konza4,Bu,LabBlank,CW/KOH,20250329,3/29/2025,Lampman,LabBlank4.B,"FieldBlank3.B, FieldBlank4.B",B,FALSE,5,,,,0,,,,
Konza4,Bu,LabBlank,CW/KOH,20250329,3/29/2025,Lampman,LabBlank4.B,"FieldBlank3.B, FieldBlank4.B",B,FALSE,6,,,,0,,,,
Konza4,Bu,LabBlank,CW/KOH,20250329,3/29/2025,Lampman,LabBlank4.B,"FieldBlank3.B, FieldBlank4.B",B,FALSE,7,,,,0,,,,
Konza4,Bu,LabBlank,CW/KOH,20250329,3/29/2025,Lampman,LabBlank4.B,"FieldBlank3.B, FieldBlank4.B",B,FALSE,8,,,,0,,,,
Konza4,Bu,LabBlank,CW/KOH,20250329,3/29/2025,Lampman,LabBlank4.B,"FieldBlank3.B, FieldBlank4.B",B,FALSE,9,,,,0,,,,
Konza4,Bu,LabBlank,CW/KOH,20250329,3/29/2025,Lampman,LabBlank4.B,"FieldBlank3.B, FieldBlank4.B",B,FALSE,10,,,,0,,,,
Konza4,Bu,FieldBlank,CW/KOH,20250329,3/31/2025,Lampman,FieldBlank3.B,FieldBlank3,B,FALSE,1,,,,0,,,,
Konza4,Bu,FieldBlank,CW/KOH,20250329,3/31/2025,Lampman,FieldBlank3.B,FieldBlank3,B,FALSE,2,,,,0,,,,
Konza4,Bu,FieldBlank,CW/KOH,20250329,3/31/2025,Lampman,FieldBlank3.B,FieldBlank3,B,FALSE,3,,,,0,,,1,0.2
Konza4,Bu,FieldBlank,CW/KOH,20250329,3/31/2025,Lampman,FieldBlank3.B,FieldBlank3,B,TRUE,4,,,,1,,,,
Konza4,Bu,FieldBlank,CW/KOH,20250329,3/31/2025,Lampman,FieldBlank3.B,FieldBlank3,B,FALSE,5,,,,0,,,,
Konza4,Bu,FieldBlank,CW/KOH,20250329,3/31/2025,Lampman,FieldBlank3.B,FieldBlank3,B,FALSE,6,,,,0,,,,
Konza4,Bu,FieldBlank,CW/KOH,20250329,3/31/2025,Lampman,FieldBlank3.B,FieldBlank3,B,FALSE,7,,,,0,,,1,0.3
Konza4,Bu,FieldBlank,CW/KOH,20250329,3/31/2025,Lampman,FieldBlank3.B,FieldBlank3,B,FALSE,8,,,,0,,,,
Konza4,Bu,FieldBlank,CW/KOH,20250329,3/31/2025,Lampman,FieldBlank3.B,FieldBlank3,B,FALSE,9,,,,0,,,,
Konza4,Bu,FieldBlank,CW/KOH,20250329,3/31/2025,Lampman,FieldBlank3.B,FieldBlank3,B,TRUE,10,,,,1,,,,
Konza4,Bu,FieldBlank,CW/KOH,20250330,3/31/2025,Lampman,FieldBlank4.B,FieldBlank4,B,FALSE,1,,,,0,,,,
Konza4,Bu,FieldBlank,CW/KOH,20250330,3/31/2025,Lampman,FieldBlank4.B,FieldBlank4,B,FALSE,2,,,,0,,,1,0.3
Konza4,Bu,FieldBlank,CW/KOH,20250330,3/31/2025,Lampman,FieldBlank4.B,FieldBlank4,B,FALSE,3,,,,0,,,,
Konza4,Bu,FieldBlank,CW/KOH,20250330,3/31/2025,Lampman,FieldBlank4.B,FieldBlank4,B,FALSE,4,,,,0,,,,
Konza4,Bu,FieldBlank,CW/KOH,20250330,3/31/2025,Lampman,FieldBlank4.B,FieldBlank4,B,FALSE,5,,,,0,,,,
Konza4,Bu,FieldBlank,CW/KOH,20250330,3/31/2025,Lampman,FieldBlank4.B,FieldBlank4,B,TRUE,6,,,,1,,,,
Konza4,Bu,FieldBlank,CW/KOH,20250330,3/31/2025,Lampman,FieldBlank4.B,FieldBlank4,B,TRUE,7,,,,1,,,,
Konza4,Bu,FieldBlank,CW/KOH,20250330,3/31/2025,Lampman,FieldBlank4.B,FieldBlank4,B,FALSE,8,,,,0,,,,
Konza4,Bu,FieldBlank,CW/KOH,20250330,3/31/2025,Lampman,FieldBlank4.B,FieldBlank4,B,FALSE,9,,,,0,,,,
Konza4,Bu,FieldBlank,CW/KOH,20250330,3/31/2025,Lampman,FieldBlank4.B,FieldBlank4,B,FALSE,10,,,,0,,,,
Konza4,Bu,FieldBlank,S9PI,20250330,3/31/2025,Lampman,FieldBlank4.A,FieldBlank4,A,FALSE,1,3,1,4,,,,,
Konza4,Bu,FieldBlank,S9PI,20250330,3/31/2025,Lampman,FieldBlank4.A,FieldBlank4,A,FALSE,2,24,0,24,,,,,
Konza4,Bu,FieldBlank,S9PI,20250330,3/31/2025,Lampman,FieldBlank4.A,FieldBlank4,A,FALSE,3,20,2,22,,,,,
Konza4,Bu,FieldBlank,S9PI,20250330,3/31/2025,Lampman,FieldBlank4.A,FieldBlank4,A,FALSE,4,12,3,15,,,,,
Konza4,Bu,FieldBlank,S9PI,20250330,3/31/2025,Lampman,FieldBlank4.A,FieldBlank4,A,FALSE,5,2,0,2,,,,,
Konza4,Bu,FieldBlank,S9PI,20250330,3/31/2025,Lampman,FieldBlank4.A,FieldBlank4,A,FALSE,6,3,0,3,,,,,
Konza4,Bu,FieldBlank,S9PI,20250330,3/31/2025,Lampman,FieldBlank4.A,FieldBlank4,A,FALSE,7,0,0,0,,,,,
Konza4,Bu,FieldBlank,S9PI,20250330,3/31/2025,Lampman,FieldBlank4.A,FieldBlank4,A,FALSE,8,7,0,7,,,,,
Konza4,Bu,FieldBlank,S9PI,20250330,3/31/2025,Lampman,FieldBlank4.A,FieldBlank4,A,FALSE,9,1,2,3,,,,,
Konza4,Bu,FieldBlank,S9PI,20250330,3/31/2025,Lampman,FieldBlank4.A,FieldBlank4,A,FALSE,10,0,0,0,,,,,
Konza4,Bu,FieldBlank,S9PI,20250330,3/31/2025,Lampman,FieldBlank4.A,FieldBlank4,A,FALSE,11,0,0,0,,,,,
Konza4,Bu,FieldBlank,S9PI,20250330,3/31/2025,Lampman,FieldBlank4.A,FieldBlank4,A,FALSE,12,0,0,0,,,,,
Konza4,Bu,FieldBlank,S9PI,20250330,3/31/2025,Lampman,FieldBlank4.A,FieldBlank4,A,FALSE,13,6,2,8,,,,,
Konza4,Bu,FieldBlank,S9PI,20250330,3/31/2025,Lampman,FieldBlank4.A,FieldBlank4,A,FALSE,14,3,0,3,,,,,
Konza4,Bu,FieldBlank,S9PI,20250330,3/31/2025,Lampman,FieldBlank4.A,FieldBlank4,A,FALSE,15,0,0,0,,,,,
Konza4,Bu,FieldBlank,S9PI,20250330,3/31/2025,Lampman,FieldBlank4.A,FieldBlank4,A,FALSE,16,1,0,1,,,,,
Konza4,Bu,FieldBlank,S9PI,20250330,3/31/2025,Lampman,FieldBlank4.A,FieldBlank4,A,FALSE,17,3,0,3,,,,,
Konza4,Bu,FieldBlank,S9PI,20250330,3/31/2025,Lampman,FieldBlank4.A,FieldBlank4,A,FALSE,18,0,0,0,,,,,
Konza4,Bu,FieldBlank,S9PI,20250330,3/31/2025,Lampman,FieldBlank4.A,FieldBlank4,A,FALSE,19,2,0,2,,,,,
Konza4,Bu,FieldBlank,S9PI,20250330,3/31/2025,Lampman,FieldBlank4.A,FieldBlank4,A,FALSE,20,0,0,0,,,,,
Konza4,Bu,FieldBlank,S9PI,20250330,3/31/2025,Lampman,FieldBlank4.A,FieldBlank4,A,FALSE,21,2,0,2,,,,,
Konza4,Bu,FieldBlank,S9PI,20250330,3/31/2025,Lampman,FieldBlank4.A,FieldBlank4,A,FALSE,22,1,5,6,,,,,
Konza4,Bu,FieldBlank,S9PI,20250330,3/31/2025,Lampman,FieldBlank4.A,FieldBlank4,A,FALSE,23,9,3,12,,,,,
Konza4,Bu,FieldBlank,S9PI,20250330,3/31/2025,Lampman,FieldBlank4.A,FieldBlank4,A,FALSE,24,0,0,0,,,,,
Konza4,Bu,FieldBlank,S9PI,20250330,3/31/2025,Lampman,FieldBlank4.A,FieldBlank4,A,FALSE,25,0,0,0,,,,,
Konza4,Bu,FieldBlank,S9PI,20250330,3/31/2025,Lampman,FieldBlank4.A,FieldBlank4,A,FALSE,26,2,0,2,,,,,
Konza4,Bu,FieldBlank,S9PI,20250330,3/31/2025,Lampman,FieldBlank4.A,FieldBlank4,A,FALSE,27,4,0,4,,,,,
Konza4,Bu,FieldBlank,S9PI,20250330,3/31/2025,Lampman,FieldBlank4.A,FieldBlank4,A,FALSE,28,8,0,8,,,,,
Konza4,Bu,FieldBlank,S9PI,20250330,3/31/2025,Lampman,FieldBlank4.A,FieldBlank4,A,FALSE,29,4,0,4,,,,,
Konza4,Bu,FieldBlank,S9PI,20250330,3/31/2025,Lampman,FieldBlank4.A,FieldBlank4,A,FALSE,30,1,0,1,,,,,
Konza4,Bu,FieldBlank,S9PI,20250330,3/31/2025,Lampman,FieldBlank4.A,FieldBlank4,A,FALSE,31,2,0,2,,,,,
Konza4,Bu,FieldBlank,S9PI,20250330,3/31/2025,Lampman,FieldBlank4.A,FieldBlank4,A,FALSE,32,0,0,0,,,,,
Konza4,Bu,FieldBlank,S9PI,20250330,3/31/2025,Lampman,FieldBlank4.A,FieldBlank4,A,FALSE,33,0,0,0,,,,,
Konza4,Bu,FieldBlank,S9PI,20250330,3/31/2025,Lampman,FieldBlank4.A,FieldBlank4,A,FALSE,34,0,0,0,,,,,
Konza4,Bu,FieldBlank,S9PI,20250330,3/31/2025,Lampman,FieldBlank4.A,FieldBlank4,A,FALSE,35,1,0,1,,,,,
Konza4,Bu,FieldBlank,S9PI,20250330,3/31/2025,Lampman,FieldBlank4.A,FieldBlank4,A,FALSE,36,1,0,1,,,,,
Konza4,Bu,FieldBlank,S9PI,20250330,3/31/2025,Lampman,FieldBlank4.A,FieldBlank4,A,FALSE,37,0,0,0,,,,,
Konza4,Bu,FieldBlank,S9PI,20250330,3/31/2025,Lampman,FieldBlank4.A,FieldBlank4,A,FALSE,38,3,0,3,,,,,
Konza4,Bu,FieldBlank,S9PI,20250330,3/31/2025,Lampman,FieldBlank4.A,FieldBlank4,A,FALSE,39,4,0,4,,,,,
Konza4,Bu,FieldBlank,S9PI,20250330,3/31/2025,Lampman,FieldBlank4.A,FieldBlank4,A,FALSE,40,5,0,5,,,,,
Konza4,Bu,FieldBlank,S9PI,20250329,3/31/2025,Lampman,FieldBlank3.A,FieldBlank3,A,FALSE,1,0,0,0,,,,,
Konza4,Bu,FieldBlank,S9PI,20250329,3/31/2025,Lampman,FieldBlank3.A,FieldBlank3,A,FALSE,2,18,0,18,,,,,
Konza4,Bu,FieldBlank,S9PI,20250329,3/31/2025,Lampman,FieldBlank3.A,FieldBlank3,A,FALSE,3,0,0,0,,,,,
Konza4,Bu,FieldBlank,S9PI,20250329,3/31/2025,Lampman,FieldBlank3.A,FieldBlank3,A,FALSE,4,2,0,2,,,,,
Konza4,Bu,FieldBlank,S9PI,20250329,3/31/2025,Lampman,FieldBlank3.A,FieldBlank3,A,FALSE,5,1,0,1,,,,,
Konza4,Bu,FieldBlank,S9PI,20250329,3/31/2025,Lampman,FieldBlank3.A,FieldBlank3,A,FALSE,6,1,1,2,,,,,
Konza4,Bu,FieldBlank,S9PI,20250329,3/31/2025,Lampman,FieldBlank3.A,FieldBlank3,A,FALSE,7,3,0,3,,,,,
Konza4,Bu,FieldBlank,S9PI,20250329,3/31/2025,Lampman,FieldBlank3.A,FieldBlank3,A,FALSE,8,3,1,4,,,,,
Konza4,Bu,FieldBlank,S9PI,20250329,3/31/2025,Lampman,FieldBlank3.A,FieldBlank3,A,FALSE,9,2,0,2,,,,,
Konza4,Bu,FieldBlank,S9PI,20250329,3/31/2025,Lampman,FieldBlank3.A,FieldBlank3,A,FALSE,10,0,0,0,,,,,
Konza4,Bu,FieldBlank,S9PI,20250329,3/31/2025,Lampman,FieldBlank3.A,FieldBlank3,A,FALSE,11,0,0,0,,,,,
Konza4,Bu,FieldBlank,S9PI,20250329,3/31/2025,Lampman,FieldBlank3.A,FieldBlank3,A,FALSE,12,0,0,0,,,,,
Konza4,Bu,FieldBlank,S9PI,20250329,3/31/2025,Lampman,FieldBlank3.A,FieldBlank3,A,FALSE,13,4,0,4,,,,,
Konza4,Bu,FieldBlank,S9PI,20250329,3/31/2025,Lampman,FieldBlank3.A,FieldBlank3,A,FALSE,14,0,3,3,,,,,
Konza4,Bu,FieldBlank,S9PI,20250329,3/31/2025,Lampman,FieldBlank3.A,FieldBlank3,A,FALSE,15,2,0,2,,,,,
Konza4,Bu,FieldBlank,S9PI,20250329,3/31/2025,Lampman,FieldBlank3.A,FieldBlank3,A,FALSE,16,1,0,1,,,,,
Konza4,Bu,FieldBlank,S9PI,20250329,3/31/2025,Lampman,FieldBlank3.A,FieldBlank3,A,FALSE,17,2,0,2,,,,,
Konza4,Bu,FieldBlank,S9PI,20250329,3/31/2025,Lampman,FieldBlank3.A,FieldBlank3,A,FALSE,18,0,0,0,,,,,
Konza4,Bu,FieldBlank,S9PI,20250329,3/31/2025,Lampman,FieldBlank3.A,FieldBlank3,A,FALSE,19,5,0,5,,,,,
Konza4,Bu,FieldBlank,S9PI,20250329,3/31/2025,Lampman,FieldBlank3.A,FieldBlank3,A,FALSE,20,1,0,1,,,,,
Konza4,Bu,FieldBlank,S9PI,20250329,3/31/2025,Lampman,FieldBlank3.A,FieldBlank3,A,FALSE,21,3,0,3,,,,,
Konza4,Bu,FieldBlank,S9PI,20250329,3/31/2025,Lampman,FieldBlank3.A,FieldBlank3,A,FALSE,22,1,0,1,,,,,
Konza4,Bu,FieldBlank,S9PI,20250329,3/31/2025,Lampman,FieldBlank3.A,FieldBlank3,A,FALSE,23,0,0,0,,,,,
Konza4,Bu,FieldBlank,S9PI,20250329,3/31/2025,Lampman,FieldBlank3.A,FieldBlank3,A,FALSE,24,0,0,0,,,,,
Konza4,Bu,FieldBlank,S9PI,20250329,3/31/2025,Lampman,FieldBlank3.A,FieldBlank3,A,FALSE,25,1,0,1,,,,,
Konza4,Bu,FieldBlank,S9PI,20250329,3/31/2025,Lampman,FieldBlank3.A,FieldBlank3,A,FALSE,26,1,0,1,,,,,
Konza4,Bu,FieldBlank,S9PI,20250329,3/31/2025,Lampman,FieldBlank3.A,FieldBlank3,A,FALSE,27,3,0,3,,,,,
Konza4,Bu,FieldBlank,S9PI,20250329,3/31/2025,Lampman,FieldBlank3.A,FieldBlank3,A,FALSE,28,0,1,1,,,,,
Konza4,Bu,FieldBlank,S9PI,20250329,3/31/2025,Lampman,FieldBlank3.A,FieldBlank3,A,FALSE,29,2,0,2,,,,,
Konza4,Bu,FieldBlank,S9PI,20250329,3/31/2025,Lampman,FieldBlank3.A,FieldBlank3,A,FALSE,30,0,0,0,,,,,
Konza4,Bu,FieldBlank,S9PI,20250329,3/31/2025,Lampman,FieldBlank3.A,FieldBlank3,A,FALSE,31,1,0,1,,,,,
Konza4,Bu,FieldBlank,S9PI,20250329,3/31/2025,Lampman,FieldBlank3.A,FieldBlank3,A,FALSE,32,0,0,0,,,,,
Konza4,Bu,FieldBlank,S9PI,20250329,3/31/2025,Lampman,FieldBlank3.A,FieldBlank3,A,FALSE,33,0,0,0,,,,,
Konza4,Bu,FieldBlank,S9PI,20250329,3/31/2025,Lampman,FieldBlank3.A,FieldBlank3,A,FALSE,34,0,0,0,,,,,
Konza4,Bu,FieldBlank,S9PI,20250329,3/31/2025,Lampman,FieldBlank3.A,FieldBlank3,A,FALSE,35,2,0,2,,,,,
Konza4,Bu,FieldBlank,S9PI,20250329,3/31/2025,Lampman,FieldBlank3.A,FieldBlank3,A,FALSE,36,1,0,1,,,,,
Konza4,Bu,FieldBlank,S9PI,20250329,3/31/2025,Lampman,FieldBlank3.A,FieldBlank3,A,FALSE,37,4,0,4,,,,,
Konza4,Bu,FieldBlank,S9PI,20250329,3/31/2025,Lampman,FieldBlank3.A,FieldBlank3,A,FALSE,38,0,0,0,,,,,
Konza4,Bu,FieldBlank,S9PI,20250329,3/31/2025,Lampman,FieldBlank3.A,FieldBlank3,A,FALSE,39,0,0,0,,,,,
Konza4,Bu,FieldBlank,S9PI,20250329,3/31/2025,Lampman,FieldBlank3.A,FieldBlank3,A,FALSE,40,1,0,1,,,,,
Konza4,Bu,LabBlank,S9PI,20250329,3/31/2025,Lampman,LabBlank4.A,"FieldBlank3.A, FieldBlank4.A",B,FALSE,1,0,0,0,,,,,
Konza4,Bu,LabBlank,S9PI,20250329,3/31/2025,Lampman,LabBlank4.A,"FieldBlank3.A, FieldBlank4.A",B,FALSE,2,0,0,0,,,,,
Konza4,Bu,LabBlank,S9PI,20250329,3/31/2025,Lampman,LabBlank4.A,"FieldBlank3.A, FieldBlank4.A",B,FALSE,3,1,0,1,,,,,
Konza4,Bu,LabBlank,S9PI,20250329,3/31/2025,Lampman,LabBlank4.A,"FieldBlank3.A, FieldBlank4.A",B,FALSE,4,4,0,4,,,,,
Konza4,Bu,LabBlank,S9PI,20250329,3/31/2025,Lampman,LabBlank4.A,"FieldBlank3.A, FieldBlank4.A",B,FALSE,5,0,0,0,,,,,
Konza4,Bu,LabBlank,S9PI,20250329,3/31/2025,Lampman,LabBlank4.A,"FieldBlank3.A, FieldBlank4.A",B,FALSE,6,0,0,0,,,,,
Konza4,Bu,LabBlank,S9PI,20250329,3/31/2025,Lampman,LabBlank4.A,"FieldBlank3.A, FieldBlank4.A",B,FALSE,7,3,0,3,,,,,
Konza4,Bu,LabBlank,S9PI,20250329,3/31/2025,Lampman,LabBlank4.A,"FieldBlank3.A, FieldBlank4.A",B,FALSE,8,0,0,0,,,,,
Konza4,Bu,LabBlank,S9PI,20250329,3/31/2025,Lampman,LabBlank4.A,"FieldBlank3.A, FieldBlank4.A",B,FALSE,9,0,0,0,,,,,
Konza4,Bu,LabBlank,S9PI,20250329,3/31/2025,Lampman,LabBlank4.A,"FieldBlank3.A, FieldBlank4.A",B,FALSE,10,1,0,1,,,,,
Konza4,Bu,LabBlank,S9PI,20250329,3/31/2025,Lampman,LabBlank4.A,"FieldBlank3.A, FieldBlank4.A",B,FALSE,11,1,0,1,,,,,
Konza4,Bu,LabBlank,S9PI,20250329,3/31/2025,Lampman,LabBlank4.A,"FieldBlank3.A, FieldBlank4.A",B,FALSE,12,0,0,0,,,,,
Konza4,Bu,LabBlank,S9PI,20250329,3/31/2025,Lampman,LabBlank4.A,"FieldBlank3.A, FieldBlank4.A",B,FALSE,13,1,0,1,,,,,
Konza4,Bu,LabBlank,S9PI,20250329,3/31/2025,Lampman,LabBlank4.A,"FieldBlank3.A, FieldBlank4.A",B,FALSE,14,4,0,4,,,,,
Konza4,Bu,LabBlank,S9PI,20250329,3/31/2025,Lampman,LabBlank4.A,"FieldBlank3.A, FieldBlank4.A",B,FALSE,15,1,0,1,,,,,
Konza4,Bu,LabBlank,S9PI,20250329,3/31/2025,Lampman,LabBlank4.A,"FieldBlank3.A, FieldBlank4.A",B,FALSE,16,1,3,4,,,,,
Konza4,Bu,LabBlank,S9PI,20250329,3/31/2025,Lampman,LabBlank4.A,"FieldBlank3.A, FieldBlank4.A",B,FALSE,17,4,0,4,,,,,
Konza4,Bu,LabBlank,S9PI,20250329,3/31/2025,Lampman,LabBlank4.A,"FieldBlank3.A, FieldBlank4.A",B,FALSE,18,9,1,10,,,,,
Konza4,Bu,LabBlank,S9PI,20250329,3/31/2025,Lampman,LabBlank4.A,"FieldBlank3.A, FieldBlank4.A",B,FALSE,19,9,3,12,,,,,
Konza4,Bu,LabBlank,S9PI,20250329,3/31/2025,Lampman,LabBlank4.A,"FieldBlank3.A, FieldBlank4.A",B,FALSE,20,0,0,0,,,,,
Konza4,Bu,LabBlank,S9PI,20250329,3/31/2025,Lampman,LabBlank4.A,"FieldBlank3.A, FieldBlank4.A",B,FALSE,21,0,0,0,,,,,
Konza4,Bu,LabBlank,S9PI,20250329,3/31/2025,Lampman,LabBlank4.A,"FieldBlank3.A, FieldBlank4.A",B,FALSE,22,4,0,4,,,,,
Konza4,Bu,LabBlank,S9PI,20250329,3/31/2025,Lampman,LabBlank4.A,"FieldBlank3.A, FieldBlank4.A",B,FALSE,23,1,0,1,,,,,
Konza4,Bu,LabBlank,S9PI,20250329,3/31/2025,Lampman,LabBlank4.A,"FieldBlank3.A, FieldBlank4.A",B,FALSE,24,2,0,2,,,,,
Konza4,Bu,LabBlank,S9PI,20250329,3/31/2025,Lampman,LabBlank4.A,"FieldBlank3.A, FieldBlank4.A",B,FALSE,25,8,0,8,,,,,
Konza4,Bu,LabBlank,S9PI,20250329,3/31/2025,Lampman,LabBlank4.A,"FieldBlank3.A, FieldBlank4.A",B,FALSE,26,0,0,0,,,,,
Konza4,Bu,LabBlank,S9PI,20250329,3/31/2025,Lampman,LabBlank4.A,"FieldBlank3.A, FieldBlank4.A",B,FALSE,27,0,0,0,,,,,
Konza4,Bu,LabBlank,S9PI,20250329,3/31/2025,Lampman,LabBlank4.A,"FieldBlank3.A, FieldBlank4.A",B,FALSE,28,1,3,4,,,,,
Konza4,Bu,LabBlank,S9PI,20250329,3/31/2025,Lampman,LabBlank4.A,"FieldBlank3.A, FieldBlank4.A",B,FALSE,29,0,0,0,,,,,
Konza4,Bu,LabBlank,S9PI,20250329,3/31/2025,Lampman,LabBlank4.A,"FieldBlank3.A, FieldBlank4.A",B,FALSE,30,1,0,1,,,,,
Konza4,Bu,LabBlank,S9PI,20250329,3/31/2025,Lampman,LabBlank4.A,"FieldBlank3.A, FieldBlank4.A",B,FALSE,31,3,0,3,,,,,
Konza4,Bu,LabBlank,S9PI,20250329,3/31/2025,Lampman,LabBlank4.A,"FieldBlank3.A, FieldBlank4.A",B,FALSE,32,5,0,5,,,,,
Konza4,Bu,LabBlank,S9PI,20250329,3/31/2025,Lampman,LabBlank4.A,"FieldBlank3.A, FieldBlank4.A",B,FALSE,33,5,0,5,,,,,
Konza4,Bu,LabBlank,S9PI,20250329,3/31/2025,Lampman,LabBlank4.A,"FieldBlank3.A, FieldBlank4.A",B,FALSE,34,6,0,6,,,,,
Konza4,Bu,LabBlank,S9PI,20250329,3/31/2025,Lampman,LabBlank4.A,"FieldBlank3.A, FieldBlank4.A",B,FALSE,35,1,0,1,,,,,
Konza4,Bu,LabBlank,S9PI,20250329,3/31/2025,Lampman,LabBlank4.A,"FieldBlank3.A, FieldBlank4.A",B,FALSE,36,1,0,1,,,,,
Konza4,Bu,LabBlank,S9PI,20250329,3/31/2025,Lampman,LabBlank4.A,"FieldBlank3.A, FieldBlank4.A",B,FALSE,37,0,0,0,,,,,
Konza4,Bu,LabBlank,S9PI,20250329,3/31/2025,Lampman,LabBlank4.A,"FieldBlank3.A, FieldBlank4.A",B,FALSE,38,0,0,0,,,,,
Konza4,Bu,LabBlank,S9PI,20250329,3/31/2025,Lampman,LabBlank4.A,"FieldBlank3.A, FieldBlank4.A",B,FALSE,39,0,0,0,,,,,
Konza4,Bu,LabBlank,S9PI,20250329,3/31/2025,Lampman,LabBlank4.A,"FieldBlank3.A, FieldBlank4.A",B,FALSE,40,0,0,0,,,,,
